Hunit; Seuil; Count; Total; Proportion 
1; 0.500; 3; 697; 719.00 
1; 1.000; 7; 663; 719.00 
1; 1.500; 10; 640; 719.00 
1; 2.000; 13; 624; 719.00 
1; 2.500; 16; 603; 719.00 
1; 3.000; 19; 579; 719.00 
1; 3.500; 21; 566; 719.00 
1; 4.000; 24; 541; 719.00 
1; 4.500; 28; 515; 719.00 
1; 5.000; 30; 501; 719.00 
1; 5.500; 33; 480; 719.00 
1; 6.000; 35; 463; 719.00 
1; 6.500; 38; 445; 719.00 
1; 7.000; 40; 425; 719.00 
1; 7.500; 43; 408; 719.00 
1; 8.000; 46; 386; 719.00 
1; 8.500; 48; 367; 719.00 
1; 9.000; 50; 355; 719.00 
1; 9.500; 52; 341; 719.00 
1; 10.000; 54; 328; 719.00 
1; 10.500; 56; 314; 719.00 
1; 11.000; 58; 298; 719.00 
1; 11.500; 60; 285; 719.00 
1; 12.000; 61; 274; 719.00 
1; 12.500; 63; 260; 719.00 
1; 13.000; 65; 247; 719.00 
1; 13.500; 66; 238; 719.00 
1; 14.000; 68; 229; 719.00 
1; 14.500; 69; 222; 719.00 
1; 15.000; 70; 213; 719.00 
1; 15.500; 71; 207; 719.00 
1; 16.000; 73; 193; 719.00 
1; 16.500; 74; 181; 719.00 
1; 17.000; 76; 170; 719.00 
1; 17.500; 77; 160; 719.00 
1; 18.000; 78; 151; 719.00 
1; 18.500; 79; 146; 719.00 
1; 19.000; 80; 139; 719.00 
1; 19.500; 81; 132; 719.00 
1; 20.000; 82; 123; 719.00 
1; 20.500; 83; 122; 719.00 
1; 21.000; 84; 115; 719.00 
1; 21.500; 84; 109; 719.00 
1; 22.000; 85; 104; 719.00 
1; 22.500; 86; 97; 719.00 
1; 23.000; 87; 91; 719.00 
1; 23.500; 88; 86; 719.00 
1; 24.000; 88; 81; 719.00 
1; 24.500; 89; 72; 719.00 
1; 25.000; 90; 69; 719.00 
1; 25.500; 91; 62; 719.00 
1; 26.000; 91; 58; 719.00 
1; 26.500; 92; 55; 719.00 
1; 27.000; 92; 52; 719.00 
1; 27.500; 92; 52; 719.00 
1; 28.000; 92; 51; 719.00 
1; 28.500; 93; 47; 719.00 
1; 29.000; 94; 43; 719.00 
1; 29.500; 94; 42; 719.00 
1; 30.000; 94; 42; 719.00 
1; 30.500; 94; 39; 719.00 
1; 31.000; 94; 36; 719.00 
1; 31.500; 95; 34; 719.00 
1; 32.000; 95; 33; 719.00 
1; 32.500; 95; 33; 719.00 
1; 33.000; 95; 31; 719.00 
1; 33.500; 95; 30; 719.00 
1; 34.000; 95; 29; 719.00 
1; 34.500; 96; 28; 719.00 
1; 35.000; 96; 28; 719.00 
1; 35.500; 96; 27; 719.00 
1; 36.000; 96; 27; 719.00 
1; 36.500; 96; 25; 719.00 
1; 37.000; 96; 24; 719.00 
1; 37.500; 96; 24; 719.00 
1; 38.000; 96; 24; 719.00 
1; 38.500; 96; 23; 719.00 
1; 39.000; 96; 22; 719.00 
1; 39.500; 97; 20; 719.00 
1; 40.000; 97; 19; 719.00 
1; 40.500; 97; 17; 719.00 
1; 41.000; 97; 17; 719.00 
1; 41.500; 97; 16; 719.00 
1; 42.000; 97; 15; 719.00 
1; 42.500; 97; 15; 719.00 
1; 43.000; 98; 14; 719.00 
1; 43.500; 98; 14; 719.00 
1; 44.000; 98; 14; 719.00 
1; 44.500; 98; 13; 719.00 
1; 45.000; 98; 13; 719.00 
1; 45.500; 98; 12; 719.00 
1; 46.000; 98; 12; 719.00 
1; 46.500; 98; 11; 719.00 
1; 47.000; 98; 11; 719.00 
1; 47.500; 98; 11; 719.00 
1; 48.000; 98; 11; 719.00 
1; 48.500; 98; 10; 719.00 
1; 49.000; 98; 10; 719.00 
1; 49.500; 98; 10; 719.00 
1; 50.000; 98; 10; 719.00 
1; 50.500; 98; 9; 719.00 
1; 51.000; 98; 9; 719.00 
1; 51.500; 98; 9; 719.00 
1; 52.000; 98; 9; 719.00 
1; 52.500; 98; 9; 719.00 
1; 53.000; 98; 9; 719.00 
1; 53.500; 98; 9; 719.00 
1; 54.000; 98; 9; 719.00 
1; 54.500; 98; 9; 719.00 
1; 55.000; 98; 9; 719.00 
1; 55.500; 98; 8; 719.00 
1; 56.000; 98; 8; 719.00 
1; 56.500; 99; 7; 719.00 
1; 57.000; 99; 7; 719.00 
1; 57.500; 99; 7; 719.00 
1; 58.000; 99; 7; 719.00 
1; 58.500; 99; 6; 719.00 
1; 59.000; 99; 6; 719.00 
1; 59.500; 99; 6; 719.00 
1; 60.000; 99; 6; 719.00 
1; 60.500; 99; 5; 719.00 
1; 61.000; 99; 5; 719.00 
1; 61.500; 99; 5; 719.00 
1; 62.000; 99; 5; 719.00 
1; 62.500; 99; 5; 719.00 
1; 63.000; 99; 4; 719.00 
1; 63.500; 99; 4; 719.00 
1; 64.000; 99; 4; 719.00 
1; 64.500; 99; 4; 719.00 
1; 65.000; 99; 4; 719.00 
1; 65.500; 99; 4; 719.00 
1; 66.000; 99; 4; 719.00 
1; 66.500; 99; 4; 719.00 
1; 67.000; 99; 4; 719.00 
1; 67.500; 99; 3; 719.00 
1; 68.000; 99; 3; 719.00 
1; 68.500; 99; 3; 719.00 
1; 69.000; 99; 3; 719.00 
1; 69.500; 99; 3; 719.00 
1; 70.000; 99; 3; 719.00 
1; 70.500; 99; 3; 719.00 
1; 71.000; 99; 3; 719.00 
1; 71.500; 99; 3; 719.00 
1; 72.000; 99; 3; 719.00 
1; 72.500; 99; 3; 719.00 
1; 73.000; 99; 3; 719.00 
1; 73.500; 99; 3; 719.00 
1; 74.000; 99; 3; 719.00 
1; 74.500; 99; 3; 719.00 
1; 75.000; 99; 3; 719.00 
1; 75.500; 99; 3; 719.00 
1; 76.000; 99; 3; 719.00 
1; 76.500; 99; 3; 719.00 
1; 77.000; 99; 3; 719.00 
1; 77.500; 99; 3; 719.00 
1; 78.000; 99; 3; 719.00 
1; 78.500; 99; 3; 719.00 
1; 79.000; 99; 3; 719.00 
1; 79.500; 99; 3; 719.00 
1; 80.000; 99; 3; 719.00 
1; 80.500; 99; 3; 719.00 
1; 81.000; 99; 2; 719.00 
1; 81.500; 99; 2; 719.00 
1; 82.000; 99; 2; 719.00 
1; 82.500; 99; 2; 719.00 
1; 83.000; 99; 2; 719.00 
1; 83.500; 99; 2; 719.00 
1; 84.000; 99; 2; 719.00 
1; 84.500; 99; 2; 719.00 
1; 85.000; 99; 2; 719.00 
1; 85.500; 99; 2; 719.00 
1; 86.000; 99; 2; 719.00 
1; 86.500; 99; 2; 719.00 
1; 87.000; 99; 2; 719.00 
1; 87.500; 99; 2; 719.00 
1; 88.000; 99; 2; 719.00 
1; 88.500; 99; 2; 719.00 
1; 89.000; 99; 2; 719.00 
1; 89.500; 99; 2; 719.00 
1; 90.000; 99; 2; 719.00 
1; 90.500; 99; 2; 719.00 
1; 91.000; 99; 2; 719.00 
1; 91.500; 99; 2; 719.00 
1; 92.000; 99; 2; 719.00 
1; 92.500; 99; 2; 719.00 
1; 93.000; 99; 2; 719.00 
1; 93.500; 99; 2; 719.00 
1; 94.000; 99; 2; 719.00 
1; 94.500; 99; 2; 719.00 
1; 95.000; 99; 2; 719.00 
1; 95.500; 99; 2; 719.00 
1; 96.000; 99; 2; 719.00 
1; 96.500; 99; 2; 719.00 
1; 97.000; 99; 2; 719.00 
1; 97.500; 99; 2; 719.00 
1; 98.000; 99; 2; 719.00 
1; 98.500; 99; 2; 719.00 
1; 99.000; 99; 2; 719.00 
1; 99.500; 99; 2; 719.00 
2; 0.500; 2; 702; 719.00 
2; 1.000; 5; 683; 719.00 
2; 1.500; 7; 666; 719.00 
2; 2.000; 10; 647; 719.00 
2; 2.500; 13; 623; 719.00 
2; 3.000; 16; 603; 719.00 
2; 3.500; 19; 579; 719.00 
2; 4.000; 21; 562; 719.00 
2; 4.500; 24; 541; 719.00 
2; 5.000; 27; 522; 719.00 
2; 5.500; 29; 507; 719.00 
2; 6.000; 32; 485; 719.00 
2; 6.500; 34; 472; 719.00 
2; 7.000; 35; 461; 719.00 
2; 7.500; 37; 446; 719.00 
2; 8.000; 40; 430; 719.00 
2; 8.500; 43; 409; 719.00 
2; 9.000; 44; 397; 719.00 
2; 9.500; 47; 380; 719.00 
2; 10.000; 48; 370; 719.00 
2; 10.500; 50; 358; 719.00 
2; 11.000; 51; 349; 719.00 
2; 11.500; 54; 328; 719.00 
2; 12.000; 56; 314; 719.00 
2; 12.500; 57; 305; 719.00 
2; 13.000; 58; 296; 719.00 
2; 13.500; 60; 283; 719.00 
2; 14.000; 62; 270; 719.00 
2; 14.500; 63; 261; 719.00 
2; 15.000; 65; 247; 719.00 
2; 15.500; 67; 231; 719.00 
2; 16.000; 69; 221; 719.00 
2; 16.500; 70; 209; 719.00 
2; 17.000; 71; 203; 719.00 
2; 17.500; 72; 196; 719.00 
2; 18.000; 73; 187; 719.00 
2; 18.500; 74; 181; 719.00 
2; 19.000; 75; 173; 719.00 
2; 19.500; 76; 168; 719.00 
2; 20.000; 77; 160; 719.00 
2; 20.500; 78; 155; 719.00 
2; 21.000; 79; 150; 719.00 
2; 21.500; 79; 145; 719.00 
2; 22.000; 80; 137; 719.00 
2; 22.500; 81; 133; 719.00 
2; 23.000; 82; 126; 719.00 
2; 23.500; 83; 116; 719.00 
2; 24.000; 84; 110; 719.00 
2; 24.500; 85; 106; 719.00 
2; 25.000; 86; 99; 719.00 
2; 25.500; 86; 95; 719.00 
2; 26.000; 87; 89; 719.00 
2; 26.500; 88; 83; 719.00 
2; 27.000; 89; 78; 719.00 
2; 27.500; 89; 77; 719.00 
2; 28.000; 89; 73; 719.00 
2; 28.500; 90; 71; 719.00 
2; 29.000; 90; 67; 719.00 
2; 29.500; 90; 65; 719.00 
2; 30.000; 91; 63; 719.00 
2; 30.500; 91; 60; 719.00 
2; 31.000; 91; 58; 719.00 
2; 31.500; 92; 57; 719.00 
2; 32.000; 92; 55; 719.00 
2; 32.500; 92; 55; 719.00 
2; 33.000; 92; 54; 719.00 
2; 33.500; 93; 50; 719.00 
2; 34.000; 93; 48; 719.00 
2; 34.500; 93; 46; 719.00 
2; 35.000; 94; 43; 719.00 
2; 35.500; 94; 43; 719.00 
2; 36.000; 94; 42; 719.00 
2; 36.500; 94; 42; 719.00 
2; 37.000; 94; 39; 719.00 
2; 37.500; 94; 39; 719.00 
2; 38.000; 94; 38; 719.00 
2; 38.500; 95; 35; 719.00 
2; 39.000; 95; 32; 719.00 
2; 39.500; 95; 30; 719.00 
2; 40.000; 96; 27; 719.00 
2; 40.500; 96; 26; 719.00 
2; 41.000; 96; 26; 719.00 
2; 41.500; 96; 24; 719.00 
2; 42.000; 96; 24; 719.00 
2; 42.500; 96; 23; 719.00 
2; 43.000; 96; 22; 719.00 
2; 43.500; 96; 22; 719.00 
2; 44.000; 97; 21; 719.00 
2; 44.500; 97; 21; 719.00 
2; 45.000; 97; 21; 719.00 
2; 45.500; 97; 19; 719.00 
2; 46.000; 97; 19; 719.00 
2; 46.500; 97; 19; 719.00 
2; 47.000; 97; 18; 719.00 
2; 47.500; 97; 18; 719.00 
2; 48.000; 97; 17; 719.00 
2; 48.500; 97; 16; 719.00 
2; 49.000; 97; 16; 719.00 
2; 49.500; 97; 16; 719.00 
2; 50.000; 97; 15; 719.00 
2; 50.500; 97; 15; 719.00 
2; 51.000; 97; 15; 719.00 
2; 51.500; 97; 15; 719.00 
2; 52.000; 97; 15; 719.00 
2; 52.500; 98; 13; 719.00 
2; 53.000; 98; 13; 719.00 
2; 53.500; 98; 12; 719.00 
2; 54.000; 98; 12; 719.00 
2; 54.500; 98; 11; 719.00 
2; 55.000; 98; 11; 719.00 
2; 55.500; 98; 11; 719.00 
2; 56.000; 98; 11; 719.00 
2; 56.500; 98; 11; 719.00 
2; 57.000; 98; 11; 719.00 
2; 57.500; 98; 11; 719.00 
2; 58.000; 98; 11; 719.00 
2; 58.500; 98; 11; 719.00 
2; 59.000; 98; 10; 719.00 
2; 59.500; 98; 9; 719.00 
2; 60.000; 98; 9; 719.00 
2; 60.500; 98; 9; 719.00 
2; 61.000; 98; 9; 719.00 
2; 61.500; 98; 9; 719.00 
2; 62.000; 98; 9; 719.00 
2; 62.500; 98; 9; 719.00 
2; 63.000; 98; 9; 719.00 
2; 63.500; 98; 9; 719.00 
2; 64.000; 98; 9; 719.00 
2; 64.500; 98; 9; 719.00 
2; 65.000; 98; 9; 719.00 
2; 65.500; 98; 9; 719.00 
2; 66.000; 98; 9; 719.00 
2; 66.500; 98; 9; 719.00 
2; 67.000; 98; 9; 719.00 
2; 67.500; 98; 9; 719.00 
2; 68.000; 98; 9; 719.00 
2; 68.500; 98; 8; 719.00 
2; 69.000; 98; 8; 719.00 
2; 69.500; 98; 8; 719.00 
2; 70.000; 98; 8; 719.00 
2; 70.500; 98; 8; 719.00 
2; 71.000; 98; 8; 719.00 
2; 71.500; 98; 8; 719.00 
2; 72.000; 98; 8; 719.00 
2; 72.500; 98; 8; 719.00 
2; 73.000; 98; 8; 719.00 
2; 73.500; 98; 8; 719.00 
2; 74.000; 98; 8; 719.00 
2; 74.500; 98; 8; 719.00 
2; 75.000; 98; 8; 719.00 
2; 75.500; 98; 8; 719.00 
2; 76.000; 98; 8; 719.00 
2; 76.500; 99; 7; 719.00 
2; 77.000; 99; 7; 719.00 
2; 77.500; 99; 6; 719.00 
2; 78.000; 99; 6; 719.00 
2; 78.500; 99; 5; 719.00 
2; 79.000; 99; 5; 719.00 
2; 79.500; 99; 5; 719.00 
2; 80.000; 99; 5; 719.00 
2; 80.500; 99; 5; 719.00 
2; 81.000; 99; 5; 719.00 
2; 81.500; 99; 3; 719.00 
2; 82.000; 99; 3; 719.00 
2; 82.500; 99; 3; 719.00 
2; 83.000; 99; 3; 719.00 
2; 83.500; 99; 3; 719.00 
2; 84.000; 99; 3; 719.00 
2; 84.500; 99; 3; 719.00 
2; 85.000; 99; 2; 719.00 
2; 85.500; 99; 2; 719.00 
2; 86.000; 99; 2; 719.00 
2; 86.500; 99; 2; 719.00 
2; 87.000; 99; 2; 719.00 
2; 87.500; 99; 2; 719.00 
2; 88.000; 99; 2; 719.00 
2; 88.500; 99; 2; 719.00 
2; 89.000; 99; 2; 719.00 
2; 89.500; 99; 2; 719.00 
2; 90.000; 99; 2; 719.00 
2; 90.500; 99; 2; 719.00 
2; 91.000; 99; 2; 719.00 
2; 91.500; 99; 2; 719.00 
2; 92.000; 99; 2; 719.00 
2; 92.500; 99; 2; 719.00 
2; 93.000; 99; 2; 719.00 
2; 93.500; 99; 2; 719.00 
2; 94.000; 99; 2; 719.00 
2; 94.500; 99; 2; 719.00 
2; 95.000; 99; 2; 719.00 
2; 95.500; 99; 2; 719.00 
2; 96.000; 99; 2; 719.00 
2; 96.500; 99; 2; 719.00 
2; 97.000; 99; 2; 719.00 
2; 97.500; 99; 2; 719.00 
2; 98.000; 99; 2; 719.00 
2; 98.500; 99; 2; 719.00 
2; 99.000; 99; 2; 719.00 
2; 99.500; 99; 2; 719.00 
3; 0.500; 3; 696; 719.00 
3; 1.000; 6; 675; 719.00 
3; 1.500; 9; 653; 719.00 
3; 2.000; 12; 630; 719.00 
3; 2.500; 14; 615; 719.00 
3; 3.000; 15; 604; 719.00 
3; 3.500; 19; 580; 719.00 
3; 4.000; 23; 549; 719.00 
3; 4.500; 26; 532; 719.00 
3; 5.000; 28; 512; 719.00 
3; 5.500; 31; 495; 719.00 
3; 6.000; 33; 480; 719.00 
3; 6.500; 35; 462; 719.00 
3; 7.000; 37; 446; 719.00 
3; 7.500; 40; 431; 719.00 
3; 8.000; 43; 409; 719.00 
3; 8.500; 45; 393; 719.00 
3; 9.000; 46; 383; 719.00 
3; 9.500; 48; 373; 719.00 
3; 10.000; 50; 353; 719.00 
3; 10.500; 52; 341; 719.00 
3; 11.000; 53; 332; 719.00 
3; 11.500; 55; 322; 719.00 
3; 12.000; 57; 307; 719.00 
3; 12.500; 58; 295; 719.00 
3; 13.000; 60; 287; 719.00 
3; 13.500; 61; 274; 719.00 
3; 14.000; 64; 256; 719.00 
3; 14.500; 66; 243; 719.00 
3; 15.000; 68; 228; 719.00 
3; 15.500; 69; 222; 719.00 
3; 16.000; 70; 211; 719.00 
3; 16.500; 72; 198; 719.00 
3; 17.000; 73; 192; 719.00 
3; 17.500; 74; 185; 719.00 
3; 18.000; 75; 176; 719.00 
3; 18.500; 76; 167; 719.00 
3; 19.000; 78; 158; 719.00 
3; 19.500; 78; 154; 719.00 
3; 20.000; 79; 145; 719.00 
3; 20.500; 80; 142; 719.00 
3; 21.000; 81; 135; 719.00 
3; 21.500; 81; 134; 719.00 
3; 22.000; 81; 131; 719.00 
3; 22.500; 82; 125; 719.00 
3; 23.000; 84; 115; 719.00 
3; 23.500; 85; 106; 719.00 
3; 24.000; 86; 100; 719.00 
3; 24.500; 86; 95; 719.00 
3; 25.000; 87; 89; 719.00 
3; 25.500; 88; 85; 719.00 
3; 26.000; 89; 79; 719.00 
3; 26.500; 89; 75; 719.00 
3; 27.000; 89; 72; 719.00 
3; 27.500; 90; 71; 719.00 
3; 28.000; 90; 68; 719.00 
3; 28.500; 90; 67; 719.00 
3; 29.000; 91; 63; 719.00 
3; 29.500; 92; 57; 719.00 
3; 30.000; 92; 55; 719.00 
3; 30.500; 92; 54; 719.00 
3; 31.000; 92; 53; 719.00 
3; 31.500; 93; 49; 719.00 
3; 32.000; 93; 48; 719.00 
3; 32.500; 93; 47; 719.00 
3; 33.000; 93; 45; 719.00 
3; 33.500; 94; 43; 719.00 
3; 34.000; 94; 43; 719.00 
3; 34.500; 94; 42; 719.00 
3; 35.000; 94; 42; 719.00 
3; 35.500; 94; 37; 719.00 
3; 36.000; 94; 37; 719.00 
3; 36.500; 95; 33; 719.00 
3; 37.000; 95; 30; 719.00 
3; 37.500; 95; 29; 719.00 
3; 38.000; 95; 29; 719.00 
3; 38.500; 96; 28; 719.00 
3; 39.000; 96; 26; 719.00 
3; 39.500; 96; 26; 719.00 
3; 40.000; 96; 26; 719.00 
3; 40.500; 96; 26; 719.00 
3; 41.000; 96; 23; 719.00 
3; 41.500; 97; 21; 719.00 
3; 42.000; 97; 20; 719.00 
3; 42.500; 97; 20; 719.00 
3; 43.000; 97; 20; 719.00 
3; 43.500; 97; 20; 719.00 
3; 44.000; 97; 18; 719.00 
3; 44.500; 97; 18; 719.00 
3; 45.000; 97; 18; 719.00 
3; 45.500; 97; 17; 719.00 
3; 46.000; 97; 17; 719.00 
3; 46.500; 97; 16; 719.00 
3; 47.000; 97; 16; 719.00 
3; 47.500; 97; 16; 719.00 
3; 48.000; 97; 16; 719.00 
3; 48.500; 97; 16; 719.00 
3; 49.000; 98; 14; 719.00 
3; 49.500; 98; 14; 719.00 
3; 50.000; 98; 13; 719.00 
3; 50.500; 98; 13; 719.00 
3; 51.000; 98; 12; 719.00 
3; 51.500; 98; 11; 719.00 
3; 52.000; 98; 11; 719.00 
3; 52.500; 98; 11; 719.00 
3; 53.000; 98; 11; 719.00 
3; 53.500; 98; 11; 719.00 
3; 54.000; 98; 11; 719.00 
3; 54.500; 98; 11; 719.00 
3; 55.000; 98; 10; 719.00 
3; 55.500; 98; 10; 719.00 
3; 56.000; 98; 10; 719.00 
3; 56.500; 98; 9; 719.00 
3; 57.000; 98; 9; 719.00 
3; 57.500; 98; 9; 719.00 
3; 58.000; 98; 9; 719.00 
3; 58.500; 98; 9; 719.00 
3; 59.000; 98; 9; 719.00 
3; 59.500; 98; 9; 719.00 
3; 60.000; 98; 9; 719.00 
3; 60.500; 98; 9; 719.00 
3; 61.000; 98; 9; 719.00 
3; 61.500; 98; 9; 719.00 
3; 62.000; 98; 9; 719.00 
3; 62.500; 98; 9; 719.00 
3; 63.000; 98; 9; 719.00 
3; 63.500; 98; 9; 719.00 
3; 64.000; 98; 9; 719.00 
3; 64.500; 98; 8; 719.00 
3; 65.000; 98; 8; 719.00 
3; 65.500; 98; 8; 719.00 
3; 66.000; 98; 8; 719.00 
3; 66.500; 98; 8; 719.00 
3; 67.000; 98; 8; 719.00 
3; 67.500; 98; 8; 719.00 
3; 68.000; 98; 8; 719.00 
3; 68.500; 98; 8; 719.00 
3; 69.000; 98; 8; 719.00 
3; 69.500; 99; 7; 719.00 
3; 70.000; 99; 7; 719.00 
3; 70.500; 99; 7; 719.00 
3; 71.000; 99; 6; 719.00 
3; 71.500; 99; 6; 719.00 
3; 72.000; 99; 6; 719.00 
3; 72.500; 99; 6; 719.00 
3; 73.000; 99; 6; 719.00 
3; 73.500; 99; 5; 719.00 
3; 74.000; 99; 5; 719.00 
3; 74.500; 99; 4; 719.00 
3; 75.000; 99; 4; 719.00 
3; 75.500; 99; 4; 719.00 
3; 76.000; 99; 4; 719.00 
3; 76.500; 99; 4; 719.00 
3; 77.000; 99; 4; 719.00 
3; 77.500; 99; 4; 719.00 
3; 78.000; 99; 4; 719.00 
3; 78.500; 99; 4; 719.00 
3; 79.000; 99; 3; 719.00 
3; 79.500; 99; 3; 719.00 
3; 80.000; 99; 3; 719.00 
3; 80.500; 99; 3; 719.00 
3; 81.000; 99; 3; 719.00 
3; 81.500; 99; 2; 719.00 
3; 82.000; 99; 2; 719.00 
3; 82.500; 99; 2; 719.00 
3; 83.000; 99; 2; 719.00 
3; 83.500; 99; 2; 719.00 
3; 84.000; 99; 2; 719.00 
3; 84.500; 99; 2; 719.00 
3; 85.000; 99; 2; 719.00 
3; 85.500; 99; 2; 719.00 
3; 86.000; 99; 2; 719.00 
3; 86.500; 99; 2; 719.00 
3; 87.000; 99; 2; 719.00 
3; 87.500; 99; 2; 719.00 
3; 88.000; 99; 2; 719.00 
3; 88.500; 99; 2; 719.00 
3; 89.000; 99; 2; 719.00 
3; 89.500; 99; 2; 719.00 
3; 90.000; 99; 2; 719.00 
3; 90.500; 99; 2; 719.00 
3; 91.000; 99; 2; 719.00 
3; 91.500; 99; 2; 719.00 
3; 92.000; 99; 2; 719.00 
3; 92.500; 99; 2; 719.00 
3; 93.000; 99; 2; 719.00 
3; 93.500; 99; 2; 719.00 
3; 94.000; 99; 2; 719.00 
3; 94.500; 99; 2; 719.00 
3; 95.000; 99; 2; 719.00 
3; 95.500; 99; 2; 719.00 
3; 96.000; 99; 2; 719.00 
3; 96.500; 99; 2; 719.00 
3; 97.000; 99; 2; 719.00 
3; 97.500; 99; 2; 719.00 
3; 98.000; 99; 2; 719.00 
3; 98.500; 99; 2; 719.00 
3; 99.000; 99; 2; 719.00 
3; 99.500; 99; 2; 719.00 
4; 0.500; 3; 694; 719.00 
4; 1.000; 6; 673; 719.00 
4; 1.500; 9; 654; 719.00 
4; 2.000; 11; 633; 719.00 
4; 2.500; 14; 615; 719.00 
4; 3.000; 16; 597; 719.00 
4; 3.500; 19; 580; 719.00 
4; 4.000; 22; 554; 719.00 
4; 4.500; 25; 535; 719.00 
4; 5.000; 28; 511; 719.00 
4; 5.500; 31; 494; 719.00 
4; 6.000; 33; 476; 719.00 
4; 6.500; 36; 459; 719.00 
4; 7.000; 38; 444; 719.00 
4; 7.500; 40; 429; 719.00 
4; 8.000; 42; 410; 719.00 
4; 8.500; 44; 397; 719.00 
4; 9.000; 46; 384; 719.00 
4; 9.500; 49; 360; 719.00 
4; 10.000; 50; 355; 719.00 
4; 10.500; 52; 342; 719.00 
4; 11.000; 54; 326; 719.00 
4; 11.500; 56; 316; 719.00 
4; 12.000; 57; 306; 719.00 
4; 12.500; 58; 300; 719.00 
4; 13.000; 60; 286; 719.00 
4; 13.500; 62; 269; 719.00 
4; 14.000; 65; 248; 719.00 
4; 14.500; 66; 239; 719.00 
4; 15.000; 68; 229; 719.00 
4; 15.500; 70; 215; 719.00 
4; 16.000; 71; 208; 719.00 
4; 16.500; 72; 197; 719.00 
4; 17.000; 74; 185; 719.00 
4; 17.500; 75; 178; 719.00 
4; 18.000; 75; 174; 719.00 
4; 18.500; 76; 168; 719.00 
4; 19.000; 77; 161; 719.00 
4; 19.500; 78; 151; 719.00 
4; 20.000; 79; 144; 719.00 
4; 20.500; 80; 141; 719.00 
4; 21.000; 80; 137; 719.00 
4; 21.500; 81; 133; 719.00 
4; 22.000; 82; 129; 719.00 
4; 22.500; 82; 124; 719.00 
4; 23.000; 84; 112; 719.00 
4; 23.500; 85; 106; 719.00 
4; 24.000; 86; 99; 719.00 
4; 24.500; 87; 91; 719.00 
4; 25.000; 87; 89; 719.00 
4; 25.500; 88; 85; 719.00 
4; 26.000; 88; 80; 719.00 
4; 26.500; 89; 76; 719.00 
4; 27.000; 89; 72; 719.00 
4; 27.500; 90; 68; 719.00 
4; 28.000; 90; 67; 719.00 
4; 28.500; 90; 65; 719.00 
4; 29.000; 91; 60; 719.00 
4; 29.500; 92; 57; 719.00 
4; 30.000; 92; 55; 719.00 
4; 30.500; 92; 55; 719.00 
4; 31.000; 93; 50; 719.00 
4; 31.500; 93; 47; 719.00 
4; 32.000; 93; 46; 719.00 
4; 32.500; 93; 44; 719.00 
4; 33.000; 93; 44; 719.00 
4; 33.500; 94; 43; 719.00 
4; 34.000; 94; 43; 719.00 
4; 34.500; 94; 42; 719.00 
4; 35.000; 94; 41; 719.00 
4; 35.500; 95; 35; 719.00 
4; 36.000; 95; 33; 719.00 
4; 36.500; 95; 30; 719.00 
4; 37.000; 95; 29; 719.00 
4; 37.500; 96; 28; 719.00 
4; 38.000; 96; 27; 719.00 
4; 38.500; 96; 26; 719.00 
4; 39.000; 96; 25; 719.00 
4; 39.500; 96; 25; 719.00 
4; 40.000; 96; 25; 719.00 
4; 40.500; 96; 24; 719.00 
4; 41.000; 96; 22; 719.00 
4; 41.500; 97; 21; 719.00 
4; 42.000; 97; 20; 719.00 
4; 42.500; 97; 20; 719.00 
4; 43.000; 97; 19; 719.00 
4; 43.500; 97; 19; 719.00 
4; 44.000; 97; 18; 719.00 
4; 44.500; 97; 18; 719.00 
4; 45.000; 97; 18; 719.00 
4; 45.500; 97; 17; 719.00 
4; 46.000; 97; 16; 719.00 
4; 46.500; 97; 16; 719.00 
4; 47.000; 97; 16; 719.00 
4; 47.500; 97; 16; 719.00 
4; 48.000; 97; 16; 719.00 
4; 48.500; 97; 16; 719.00 
4; 49.000; 98; 14; 719.00 
4; 49.500; 98; 13; 719.00 
4; 50.000; 98; 13; 719.00 
4; 50.500; 98; 13; 719.00 
4; 51.000; 98; 12; 719.00 
4; 51.500; 98; 11; 719.00 
4; 52.000; 98; 11; 719.00 
4; 52.500; 98; 11; 719.00 
4; 53.000; 98; 11; 719.00 
4; 53.500; 98; 11; 719.00 
4; 54.000; 98; 11; 719.00 
4; 54.500; 98; 11; 719.00 
4; 55.000; 98; 10; 719.00 
4; 55.500; 98; 10; 719.00 
4; 56.000; 98; 9; 719.00 
4; 56.500; 98; 9; 719.00 
4; 57.000; 98; 9; 719.00 
4; 57.500; 98; 9; 719.00 
4; 58.000; 98; 9; 719.00 
4; 58.500; 98; 9; 719.00 
4; 59.000; 98; 9; 719.00 
4; 59.500; 98; 9; 719.00 
4; 60.000; 98; 9; 719.00 
4; 60.500; 98; 9; 719.00 
4; 61.000; 98; 9; 719.00 
4; 61.500; 98; 9; 719.00 
4; 62.000; 98; 9; 719.00 
4; 62.500; 98; 9; 719.00 
4; 63.000; 98; 9; 719.00 
4; 63.500; 98; 9; 719.00 
4; 64.000; 98; 9; 719.00 
4; 64.500; 98; 8; 719.00 
4; 65.000; 98; 8; 719.00 
4; 65.500; 98; 8; 719.00 
4; 66.000; 98; 8; 719.00 
4; 66.500; 98; 8; 719.00 
4; 67.000; 98; 8; 719.00 
4; 67.500; 98; 8; 719.00 
4; 68.000; 98; 8; 719.00 
4; 68.500; 98; 8; 719.00 
4; 69.000; 98; 8; 719.00 
4; 69.500; 98; 8; 719.00 
4; 70.000; 98; 8; 719.00 
4; 70.500; 99; 7; 719.00 
4; 71.000; 99; 7; 719.00 
4; 71.500; 99; 6; 719.00 
4; 72.000; 99; 6; 719.00 
4; 72.500; 99; 6; 719.00 
4; 73.000; 99; 6; 719.00 
4; 73.500; 99; 6; 719.00 
4; 74.000; 99; 5; 719.00 
4; 74.500; 99; 5; 719.00 
4; 75.000; 99; 5; 719.00 
4; 75.500; 99; 4; 719.00 
4; 76.000; 99; 4; 719.00 
4; 76.500; 99; 4; 719.00 
4; 77.000; 99; 4; 719.00 
4; 77.500; 99; 4; 719.00 
4; 78.000; 99; 4; 719.00 
4; 78.500; 99; 4; 719.00 
4; 79.000; 99; 4; 719.00 
4; 79.500; 99; 3; 719.00 
4; 80.000; 99; 3; 719.00 
4; 80.500; 99; 3; 719.00 
4; 81.000; 99; 2; 719.00 
4; 81.500; 99; 2; 719.00 
4; 82.000; 99; 2; 719.00 
4; 82.500; 99; 2; 719.00 
4; 83.000; 99; 2; 719.00 
4; 83.500; 99; 2; 719.00 
4; 84.000; 99; 2; 719.00 
4; 84.500; 99; 2; 719.00 
4; 85.000; 99; 2; 719.00 
4; 85.500; 99; 2; 719.00 
4; 86.000; 99; 2; 719.00 
4; 86.500; 99; 2; 719.00 
4; 87.000; 99; 2; 719.00 
4; 87.500; 99; 2; 719.00 
4; 88.000; 99; 2; 719.00 
4; 88.500; 99; 2; 719.00 
4; 89.000; 99; 2; 719.00 
4; 89.500; 99; 2; 719.00 
4; 90.000; 99; 2; 719.00 
4; 90.500; 99; 2; 719.00 
4; 91.000; 99; 2; 719.00 
4; 91.500; 99; 2; 719.00 
4; 92.000; 99; 2; 719.00 
4; 92.500; 99; 2; 719.00 
4; 93.000; 99; 2; 719.00 
4; 93.500; 99; 2; 719.00 
4; 94.000; 99; 2; 719.00 
4; 94.500; 99; 2; 719.00 
4; 95.000; 99; 2; 719.00 
4; 95.500; 99; 2; 719.00 
4; 96.000; 99; 2; 719.00 
4; 96.500; 99; 2; 719.00 
4; 97.000; 99; 2; 719.00 
4; 97.500; 99; 2; 719.00 
4; 98.000; 99; 2; 719.00 
4; 98.500; 99; 2; 719.00 
4; 99.000; 99; 2; 719.00 
4; 99.500; 99; 2; 719.00 
5; 0.500; 2; 699; 719.00 
5; 1.000; 5; 677; 719.00 
5; 1.500; 9; 653; 719.00 
5; 2.000; 11; 634; 719.00 
5; 2.500; 14; 616; 719.00 
5; 3.000; 16; 600; 719.00 
5; 3.500; 19; 581; 719.00 
5; 4.000; 22; 556; 719.00 
5; 4.500; 25; 537; 719.00 
5; 5.000; 28; 512; 719.00 
5; 5.500; 30; 497; 719.00 
5; 6.000; 33; 476; 719.00 
5; 6.500; 35; 463; 719.00 
5; 7.000; 37; 451; 719.00 
5; 7.500; 39; 434; 719.00 
5; 8.000; 42; 413; 719.00 
5; 8.500; 44; 397; 719.00 
5; 9.000; 46; 386; 719.00 
5; 9.500; 48; 367; 719.00 
5; 10.000; 50; 357; 719.00 
5; 10.500; 52; 345; 719.00 
5; 11.000; 53; 331; 719.00 
5; 11.500; 55; 322; 719.00 
5; 12.000; 57; 306; 719.00 
5; 12.500; 58; 299; 719.00 
5; 13.000; 60; 286; 719.00 
5; 13.500; 61; 274; 719.00 
5; 14.000; 64; 253; 719.00 
5; 14.500; 66; 244; 719.00 
5; 15.000; 67; 231; 719.00 
5; 15.500; 69; 221; 719.00 
5; 16.000; 70; 211; 719.00 
5; 16.500; 72; 200; 719.00 
5; 17.000; 73; 191; 719.00 
5; 17.500; 74; 181; 719.00 
5; 18.000; 75; 178; 719.00 
5; 18.500; 76; 170; 719.00 
5; 19.000; 77; 164; 719.00 
5; 19.500; 78; 154; 719.00 
5; 20.000; 79; 146; 719.00 
5; 20.500; 80; 141; 719.00 
5; 21.000; 80; 138; 719.00 
5; 21.500; 81; 134; 719.00 
5; 22.000; 81; 131; 719.00 
5; 22.500; 82; 125; 719.00 
5; 23.000; 84; 114; 719.00 
5; 23.500; 84; 108; 719.00 
5; 24.000; 85; 101; 719.00 
5; 24.500; 86; 94; 719.00 
5; 25.000; 87; 90; 719.00 
5; 25.500; 88; 85; 719.00 
5; 26.000; 88; 81; 719.00 
5; 26.500; 89; 77; 719.00 
5; 27.000; 89; 76; 719.00 
5; 27.500; 90; 70; 719.00 
5; 28.000; 90; 68; 719.00 
5; 28.500; 90; 66; 719.00 
5; 29.000; 91; 61; 719.00 
5; 29.500; 92; 57; 719.00 
5; 30.000; 92; 55; 719.00 
5; 30.500; 92; 55; 719.00 
5; 31.000; 92; 53; 719.00 
5; 31.500; 93; 49; 719.00 
5; 32.000; 93; 47; 719.00 
5; 32.500; 93; 47; 719.00 
5; 33.000; 93; 45; 719.00 
5; 33.500; 94; 43; 719.00 
5; 34.000; 94; 43; 719.00 
5; 34.500; 94; 43; 719.00 
5; 35.000; 94; 41; 719.00 
5; 35.500; 94; 37; 719.00 
5; 36.000; 95; 35; 719.00 
5; 36.500; 95; 32; 719.00 
5; 37.000; 95; 30; 719.00 
5; 37.500; 95; 29; 719.00 
5; 38.000; 96; 28; 719.00 
5; 38.500; 96; 27; 719.00 
5; 39.000; 96; 26; 719.00 
5; 39.500; 96; 26; 719.00 
5; 40.000; 96; 26; 719.00 
5; 40.500; 96; 25; 719.00 
5; 41.000; 96; 23; 719.00 
5; 41.500; 97; 21; 719.00 
5; 42.000; 97; 20; 719.00 
5; 42.500; 97; 20; 719.00 
5; 43.000; 97; 19; 719.00 
5; 43.500; 97; 19; 719.00 
5; 44.000; 97; 18; 719.00 
5; 44.500; 97; 18; 719.00 
5; 45.000; 97; 18; 719.00 
5; 45.500; 97; 17; 719.00 
5; 46.000; 97; 16; 719.00 
5; 46.500; 97; 16; 719.00 
5; 47.000; 97; 16; 719.00 
5; 47.500; 97; 16; 719.00 
5; 48.000; 97; 16; 719.00 
5; 48.500; 97; 16; 719.00 
5; 49.000; 98; 14; 719.00 
5; 49.500; 98; 13; 719.00 
5; 50.000; 98; 13; 719.00 
5; 50.500; 98; 13; 719.00 
5; 51.000; 98; 12; 719.00 
5; 51.500; 98; 11; 719.00 
5; 52.000; 98; 11; 719.00 
5; 52.500; 98; 11; 719.00 
5; 53.000; 98; 11; 719.00 
5; 53.500; 98; 11; 719.00 
5; 54.000; 98; 11; 719.00 
5; 54.500; 98; 11; 719.00 
5; 55.000; 98; 11; 719.00 
5; 55.500; 98; 10; 719.00 
5; 56.000; 98; 10; 719.00 
5; 56.500; 98; 9; 719.00 
5; 57.000; 98; 9; 719.00 
5; 57.500; 98; 9; 719.00 
5; 58.000; 98; 9; 719.00 
5; 58.500; 98; 9; 719.00 
5; 59.000; 98; 9; 719.00 
5; 59.500; 98; 9; 719.00 
5; 60.000; 98; 9; 719.00 
5; 60.500; 98; 9; 719.00 
5; 61.000; 98; 9; 719.00 
5; 61.500; 98; 9; 719.00 
5; 62.000; 98; 9; 719.00 
5; 62.500; 98; 9; 719.00 
5; 63.000; 98; 9; 719.00 
5; 63.500; 98; 9; 719.00 
5; 64.000; 98; 9; 719.00 
5; 64.500; 98; 8; 719.00 
5; 65.000; 98; 8; 719.00 
5; 65.500; 98; 8; 719.00 
5; 66.000; 98; 8; 719.00 
5; 66.500; 98; 8; 719.00 
5; 67.000; 98; 8; 719.00 
5; 67.500; 98; 8; 719.00 
5; 68.000; 98; 8; 719.00 
5; 68.500; 98; 8; 719.00 
5; 69.000; 98; 8; 719.00 
5; 69.500; 98; 8; 719.00 
5; 70.000; 99; 7; 719.00 
5; 70.500; 99; 7; 719.00 
5; 71.000; 99; 7; 719.00 
5; 71.500; 99; 6; 719.00 
5; 72.000; 99; 6; 719.00 
5; 72.500; 99; 6; 719.00 
5; 73.000; 99; 6; 719.00 
5; 73.500; 99; 6; 719.00 
5; 74.000; 99; 5; 719.00 
5; 74.500; 99; 5; 719.00 
5; 75.000; 99; 4; 719.00 
5; 75.500; 99; 4; 719.00 
5; 76.000; 99; 4; 719.00 
5; 76.500; 99; 4; 719.00 
5; 77.000; 99; 4; 719.00 
5; 77.500; 99; 4; 719.00 
5; 78.000; 99; 4; 719.00 
5; 78.500; 99; 4; 719.00 
5; 79.000; 99; 4; 719.00 
5; 79.500; 99; 3; 719.00 
5; 80.000; 99; 3; 719.00 
5; 80.500; 99; 3; 719.00 
5; 81.000; 99; 2; 719.00 
5; 81.500; 99; 2; 719.00 
5; 82.000; 99; 2; 719.00 
5; 82.500; 99; 2; 719.00 
5; 83.000; 99; 2; 719.00 
5; 83.500; 99; 2; 719.00 
5; 84.000; 99; 2; 719.00 
5; 84.500; 99; 2; 719.00 
5; 85.000; 99; 2; 719.00 
5; 85.500; 99; 2; 719.00 
5; 86.000; 99; 2; 719.00 
5; 86.500; 99; 2; 719.00 
5; 87.000; 99; 2; 719.00 
5; 87.500; 99; 2; 719.00 
5; 88.000; 99; 2; 719.00 
5; 88.500; 99; 2; 719.00 
5; 89.000; 99; 2; 719.00 
5; 89.500; 99; 2; 719.00 
5; 90.000; 99; 2; 719.00 
5; 90.500; 99; 2; 719.00 
5; 91.000; 99; 2; 719.00 
5; 91.500; 99; 2; 719.00 
5; 92.000; 99; 2; 719.00 
5; 92.500; 99; 2; 719.00 
5; 93.000; 99; 2; 719.00 
5; 93.500; 99; 2; 719.00 
5; 94.000; 99; 2; 719.00 
5; 94.500; 99; 2; 719.00 
5; 95.000; 99; 2; 719.00 
5; 95.500; 99; 2; 719.00 
5; 96.000; 99; 2; 719.00 
5; 96.500; 99; 2; 719.00 
5; 97.000; 99; 2; 719.00 
5; 97.500; 99; 2; 719.00 
5; 98.000; 99; 2; 719.00 
5; 98.500; 99; 2; 719.00 
5; 99.000; 99; 2; 719.00 
5; 99.500; 99; 2; 719.00 
6; 0.500; 3; 694; 719.00 
6; 1.000; 6; 672; 719.00 
6; 1.500; 8; 655; 719.00 
6; 2.000; 12; 632; 719.00 
6; 2.500; 14; 616; 719.00 
6; 3.000; 16; 600; 719.00 
6; 3.500; 19; 577; 719.00 
6; 4.000; 22; 560; 719.00 
6; 4.500; 25; 535; 719.00 
6; 5.000; 29; 510; 719.00 
6; 5.500; 31; 491; 719.00 
6; 6.000; 33; 475; 719.00 
6; 6.500; 35; 462; 719.00 
6; 7.000; 38; 442; 719.00 
6; 7.500; 40; 429; 719.00 
6; 8.000; 42; 415; 719.00 
6; 8.500; 45; 391; 719.00 
6; 9.000; 47; 380; 719.00 
6; 9.500; 49; 363; 719.00 
6; 10.000; 51; 352; 719.00 
6; 10.500; 53; 336; 719.00 
6; 11.000; 55; 321; 719.00 
6; 11.500; 56; 314; 719.00 
6; 12.000; 56; 310; 719.00 
6; 12.500; 58; 298; 719.00 
6; 13.000; 60; 282; 719.00 
6; 13.500; 63; 265; 719.00 
6; 14.000; 65; 249; 719.00 
6; 14.500; 66; 238; 719.00 
6; 15.000; 68; 229; 719.00 
6; 15.500; 69; 217; 719.00 
6; 16.000; 71; 208; 719.00 
6; 16.500; 73; 193; 719.00 
6; 17.000; 74; 183; 719.00 
6; 17.500; 75; 177; 719.00 
6; 18.000; 75; 173; 719.00 
6; 18.500; 76; 169; 719.00 
6; 19.000; 78; 157; 719.00 
6; 19.500; 79; 150; 719.00 
6; 20.000; 79; 146; 719.00 
6; 20.500; 80; 140; 719.00 
6; 21.000; 80; 137; 719.00 
6; 21.500; 81; 132; 719.00 
6; 22.000; 82; 128; 719.00 
6; 22.500; 83; 117; 719.00 
6; 23.000; 84; 109; 719.00 
6; 23.500; 85; 105; 719.00 
6; 24.000; 86; 100; 719.00 
6; 24.500; 87; 90; 719.00 
6; 25.000; 87; 88; 719.00 
6; 25.500; 88; 84; 719.00 
6; 26.000; 88; 80; 719.00 
6; 26.500; 89; 78; 719.00 
6; 27.000; 89; 72; 719.00 
6; 27.500; 90; 68; 719.00 
6; 28.000; 90; 65; 719.00 
6; 28.500; 91; 61; 719.00 
6; 29.000; 91; 59; 719.00 
6; 29.500; 92; 56; 719.00 
6; 30.000; 92; 55; 719.00 
6; 30.500; 92; 53; 719.00 
6; 31.000; 93; 48; 719.00 
6; 31.500; 93; 47; 719.00 
6; 32.000; 93; 45; 719.00 
6; 32.500; 93; 44; 719.00 
6; 33.000; 93; 44; 719.00 
6; 33.500; 94; 43; 719.00 
6; 34.000; 94; 43; 719.00 
6; 34.500; 94; 39; 719.00 
6; 35.000; 94; 36; 719.00 
6; 35.500; 95; 32; 719.00 
6; 36.000; 95; 29; 719.00 
6; 36.500; 95; 29; 719.00 
6; 37.000; 95; 29; 719.00 
6; 37.500; 96; 27; 719.00 
6; 38.000; 96; 26; 719.00 
6; 38.500; 96; 26; 719.00 
6; 39.000; 96; 25; 719.00 
6; 39.500; 96; 25; 719.00 
6; 40.000; 96; 23; 719.00 
6; 40.500; 96; 23; 719.00 
6; 41.000; 96; 22; 719.00 
6; 41.500; 96; 22; 719.00 
6; 42.000; 97; 20; 719.00 
6; 42.500; 97; 19; 719.00 
6; 43.000; 97; 18; 719.00 
6; 43.500; 97; 18; 719.00 
6; 44.000; 97; 18; 719.00 
6; 44.500; 97; 18; 719.00 
6; 45.000; 97; 17; 719.00 
6; 45.500; 97; 16; 719.00 
6; 46.000; 97; 16; 719.00 
6; 46.500; 97; 16; 719.00 
6; 47.000; 97; 16; 719.00 
6; 47.500; 97; 16; 719.00 
6; 48.000; 97; 15; 719.00 
6; 48.500; 98; 14; 719.00 
6; 49.000; 98; 13; 719.00 
6; 49.500; 98; 13; 719.00 
6; 50.000; 98; 13; 719.00 
6; 50.500; 98; 12; 719.00 
6; 51.000; 98; 11; 719.00 
6; 51.500; 98; 11; 719.00 
6; 52.000; 98; 11; 719.00 
6; 52.500; 98; 11; 719.00 
6; 53.000; 98; 11; 719.00 
6; 53.500; 98; 11; 719.00 
6; 54.000; 98; 11; 719.00 
6; 54.500; 98; 10; 719.00 
6; 55.000; 98; 10; 719.00 
6; 55.500; 98; 9; 719.00 
6; 56.000; 98; 9; 719.00 
6; 56.500; 98; 9; 719.00 
6; 57.000; 98; 9; 719.00 
6; 57.500; 98; 9; 719.00 
6; 58.000; 98; 9; 719.00 
6; 58.500; 98; 9; 719.00 
6; 59.000; 98; 9; 719.00 
6; 59.500; 98; 9; 719.00 
6; 60.000; 98; 9; 719.00 
6; 60.500; 98; 9; 719.00 
6; 61.000; 98; 9; 719.00 
6; 61.500; 98; 9; 719.00 
6; 62.000; 98; 9; 719.00 
6; 62.500; 98; 9; 719.00 
6; 63.000; 98; 9; 719.00 
6; 63.500; 98; 9; 719.00 
6; 64.000; 98; 8; 719.00 
6; 64.500; 98; 8; 719.00 
6; 65.000; 98; 8; 719.00 
6; 65.500; 98; 8; 719.00 
6; 66.000; 98; 8; 719.00 
6; 66.500; 98; 8; 719.00 
6; 67.000; 98; 8; 719.00 
6; 67.500; 98; 8; 719.00 
6; 68.000; 98; 8; 719.00 
6; 68.500; 98; 8; 719.00 
6; 69.000; 99; 7; 719.00 
6; 69.500; 99; 7; 719.00 
6; 70.000; 99; 7; 719.00 
6; 70.500; 99; 6; 719.00 
6; 71.000; 99; 6; 719.00 
6; 71.500; 99; 6; 719.00 
6; 72.000; 99; 6; 719.00 
6; 72.500; 99; 6; 719.00 
6; 73.000; 99; 5; 719.00 
6; 73.500; 99; 5; 719.00 
6; 74.000; 99; 5; 719.00 
6; 74.500; 99; 4; 719.00 
6; 75.000; 99; 4; 719.00 
6; 75.500; 99; 4; 719.00 
6; 76.000; 99; 4; 719.00 
6; 76.500; 99; 4; 719.00 
6; 77.000; 99; 4; 719.00 
6; 77.500; 99; 4; 719.00 
6; 78.000; 99; 4; 719.00 
6; 78.500; 99; 3; 719.00 
6; 79.000; 99; 3; 719.00 
6; 79.500; 99; 3; 719.00 
6; 80.000; 99; 3; 719.00 
6; 80.500; 99; 2; 719.00 
6; 81.000; 99; 2; 719.00 
6; 81.500; 99; 2; 719.00 
6; 82.000; 99; 2; 719.00 
6; 82.500; 99; 2; 719.00 
6; 83.000; 99; 2; 719.00 
6; 83.500; 99; 2; 719.00 
6; 84.000; 99; 2; 719.00 
6; 84.500; 99; 2; 719.00 
6; 85.000; 99; 2; 719.00 
6; 85.500; 99; 2; 719.00 
6; 86.000; 99; 2; 719.00 
6; 86.500; 99; 2; 719.00 
6; 87.000; 99; 2; 719.00 
6; 87.500; 99; 2; 719.00 
6; 88.000; 99; 2; 719.00 
6; 88.500; 99; 2; 719.00 
6; 89.000; 99; 2; 719.00 
6; 89.500; 99; 2; 719.00 
6; 90.000; 99; 2; 719.00 
6; 90.500; 99; 2; 719.00 
6; 91.000; 99; 2; 719.00 
6; 91.500; 99; 2; 719.00 
6; 92.000; 99; 2; 719.00 
6; 92.500; 99; 2; 719.00 
6; 93.000; 99; 2; 719.00 
6; 93.500; 99; 2; 719.00 
6; 94.000; 99; 2; 719.00 
6; 94.500; 99; 2; 719.00 
6; 95.000; 99; 2; 719.00 
6; 95.500; 99; 2; 719.00 
6; 96.000; 99; 2; 719.00 
6; 96.500; 99; 2; 719.00 
6; 97.000; 99; 2; 719.00 
6; 97.500; 99; 2; 719.00 
6; 98.000; 99; 2; 719.00 
6; 98.500; 99; 2; 719.00 
6; 99.000; 99; 2; 719.00 
6; 99.500; 99; 2; 719.00 
7; 0.500; 3; 692; 719.00 
7; 1.000; 6; 674; 719.00 
7; 1.500; 10; 643; 719.00 
7; 2.000; 13; 623; 719.00 
7; 2.500; 16; 602; 719.00 
7; 3.000; 18; 585; 719.00 
7; 3.500; 21; 563; 719.00 
7; 4.000; 24; 541; 719.00 
7; 4.500; 27; 522; 719.00 
7; 5.000; 29; 505; 719.00 
7; 5.500; 32; 488; 719.00 
7; 6.000; 34; 468; 719.00 
7; 6.500; 36; 453; 719.00 
7; 7.000; 38; 440; 719.00 
7; 7.500; 42; 417; 719.00 
7; 8.000; 44; 396; 719.00 
7; 8.500; 47; 377; 719.00 
7; 9.000; 48; 367; 719.00 
7; 9.500; 52; 345; 719.00 
7; 10.000; 53; 333; 719.00 
7; 10.500; 55; 321; 719.00 
7; 11.000; 56; 314; 719.00 
7; 11.500; 57; 306; 719.00 
7; 12.000; 59; 292; 719.00 
7; 12.500; 61; 278; 719.00 
7; 13.000; 63; 262; 719.00 
7; 13.500; 64; 252; 719.00 
7; 14.000; 66; 238; 719.00 
7; 14.500; 68; 224; 719.00 
7; 15.000; 69; 217; 719.00 
7; 15.500; 70; 211; 719.00 
7; 16.000; 72; 199; 719.00 
7; 16.500; 74; 185; 719.00 
7; 17.000; 75; 173; 719.00 
7; 17.500; 76; 168; 719.00 
7; 18.000; 78; 157; 719.00 
7; 18.500; 78; 151; 719.00 
7; 19.000; 79; 147; 719.00 
7; 19.500; 80; 143; 719.00 
7; 20.000; 80; 138; 719.00 
7; 20.500; 82; 129; 719.00 
7; 21.000; 82; 126; 719.00 
7; 21.500; 83; 122; 719.00 
7; 22.000; 84; 113; 719.00 
7; 22.500; 85; 107; 719.00 
7; 23.000; 86; 98; 719.00 
7; 23.500; 86; 94; 719.00 
7; 24.000; 87; 92; 719.00 
7; 24.500; 88; 85; 719.00 
7; 25.000; 88; 82; 719.00 
7; 25.500; 89; 76; 719.00 
7; 26.000; 90; 69; 719.00 
7; 26.500; 90; 66; 719.00 
7; 27.000; 91; 64; 719.00 
7; 27.500; 91; 59; 719.00 
7; 28.000; 92; 55; 719.00 
7; 28.500; 92; 51; 719.00 
7; 29.000; 93; 48; 719.00 
7; 29.500; 93; 46; 719.00 
7; 30.000; 93; 45; 719.00 
7; 30.500; 93; 44; 719.00 
7; 31.000; 94; 43; 719.00 
7; 31.500; 94; 41; 719.00 
7; 32.000; 94; 39; 719.00 
7; 32.500; 94; 36; 719.00 
7; 33.000; 95; 35; 719.00 
7; 33.500; 95; 34; 719.00 
7; 34.000; 95; 31; 719.00 
7; 34.500; 95; 30; 719.00 
7; 35.000; 95; 29; 719.00 
7; 35.500; 95; 29; 719.00 
7; 36.000; 95; 29; 719.00 
7; 36.500; 96; 26; 719.00 
7; 37.000; 96; 25; 719.00 
7; 37.500; 96; 25; 719.00 
7; 38.000; 96; 24; 719.00 
7; 38.500; 96; 24; 719.00 
7; 39.000; 96; 23; 719.00 
7; 39.500; 96; 23; 719.00 
7; 40.000; 96; 22; 719.00 
7; 40.500; 97; 20; 719.00 
7; 41.000; 97; 20; 719.00 
7; 41.500; 97; 17; 719.00 
7; 42.000; 97; 17; 719.00 
7; 42.500; 97; 17; 719.00 
7; 43.000; 97; 17; 719.00 
7; 43.500; 97; 17; 719.00 
7; 44.000; 97; 15; 719.00 
7; 44.500; 97; 15; 719.00 
7; 45.000; 98; 14; 719.00 
7; 45.500; 98; 14; 719.00 
7; 46.000; 98; 14; 719.00 
7; 46.500; 98; 14; 719.00 
7; 47.000; 98; 14; 719.00 
7; 47.500; 98; 12; 719.00 
7; 48.000; 98; 12; 719.00 
7; 48.500; 98; 12; 719.00 
7; 49.000; 98; 12; 719.00 
7; 49.500; 98; 11; 719.00 
7; 50.000; 98; 11; 719.00 
7; 50.500; 98; 10; 719.00 
7; 51.000; 98; 10; 719.00 
7; 51.500; 98; 10; 719.00 
7; 52.000; 98; 9; 719.00 
7; 52.500; 98; 9; 719.00 
7; 53.000; 98; 9; 719.00 
7; 53.500; 98; 9; 719.00 
7; 54.000; 98; 9; 719.00 
7; 54.500; 98; 9; 719.00 
7; 55.000; 98; 9; 719.00 
7; 55.500; 98; 9; 719.00 
7; 56.000; 98; 9; 719.00 
7; 56.500; 98; 9; 719.00 
7; 57.000; 98; 9; 719.00 
7; 57.500; 98; 9; 719.00 
7; 58.000; 98; 9; 719.00 
7; 58.500; 98; 9; 719.00 
7; 59.000; 98; 9; 719.00 
7; 59.500; 98; 8; 719.00 
7; 60.000; 98; 8; 719.00 
7; 60.500; 98; 8; 719.00 
7; 61.000; 98; 8; 719.00 
7; 61.500; 98; 8; 719.00 
7; 62.000; 98; 8; 719.00 
7; 62.500; 99; 7; 719.00 
7; 63.000; 99; 7; 719.00 
7; 63.500; 99; 7; 719.00 
7; 64.000; 99; 7; 719.00 
7; 64.500; 99; 6; 719.00 
7; 65.000; 99; 6; 719.00 
7; 65.500; 99; 6; 719.00 
7; 66.000; 99; 6; 719.00 
7; 66.500; 99; 6; 719.00 
7; 67.000; 99; 6; 719.00 
7; 67.500; 99; 5; 719.00 
7; 68.000; 99; 4; 719.00 
7; 68.500; 99; 4; 719.00 
7; 69.000; 99; 4; 719.00 
7; 69.500; 99; 4; 719.00 
7; 70.000; 99; 4; 719.00 
7; 70.500; 99; 4; 719.00 
7; 71.000; 99; 4; 719.00 
7; 71.500; 99; 4; 719.00 
7; 72.000; 99; 4; 719.00 
7; 72.500; 99; 4; 719.00 
7; 73.000; 99; 3; 719.00 
7; 73.500; 99; 3; 719.00 
7; 74.000; 99; 3; 719.00 
7; 74.500; 99; 3; 719.00 
7; 75.000; 99; 3; 719.00 
7; 75.500; 99; 3; 719.00 
7; 76.000; 99; 3; 719.00 
7; 76.500; 99; 3; 719.00 
7; 77.000; 99; 3; 719.00 
7; 77.500; 99; 3; 719.00 
7; 78.000; 99; 3; 719.00 
7; 78.500; 99; 3; 719.00 
7; 79.000; 99; 3; 719.00 
7; 79.500; 99; 3; 719.00 
7; 80.000; 99; 3; 719.00 
7; 80.500; 99; 2; 719.00 
7; 81.000; 99; 2; 719.00 
7; 81.500; 99; 2; 719.00 
7; 82.000; 99; 2; 719.00 
7; 82.500; 99; 2; 719.00 
7; 83.000; 99; 2; 719.00 
7; 83.500; 99; 2; 719.00 
7; 84.000; 99; 2; 719.00 
7; 84.500; 99; 2; 719.00 
7; 85.000; 99; 2; 719.00 
7; 85.500; 99; 2; 719.00 
7; 86.000; 99; 2; 719.00 
7; 86.500; 99; 2; 719.00 
7; 87.000; 99; 2; 719.00 
7; 87.500; 99; 2; 719.00 
7; 88.000; 99; 2; 719.00 
7; 88.500; 99; 2; 719.00 
7; 89.000; 99; 2; 719.00 
7; 89.500; 99; 2; 719.00 
7; 90.000; 99; 2; 719.00 
7; 90.500; 99; 2; 719.00 
7; 91.000; 99; 2; 719.00 
7; 91.500; 99; 2; 719.00 
7; 92.000; 99; 2; 719.00 
7; 92.500; 99; 2; 719.00 
7; 93.000; 99; 2; 719.00 
7; 93.500; 99; 2; 719.00 
7; 94.000; 99; 2; 719.00 
7; 94.500; 99; 2; 719.00 
7; 95.000; 99; 2; 719.00 
7; 95.500; 99; 2; 719.00 
7; 96.000; 99; 2; 719.00 
7; 96.500; 99; 2; 719.00 
7; 97.000; 99; 2; 719.00 
7; 97.500; 99; 2; 719.00 
7; 98.000; 99; 2; 719.00 
7; 98.500; 99; 2; 719.00 
7; 99.000; 99; 2; 719.00 
7; 99.500; 99; 2; 719.00 
8; 0.500; 2; 704; 719.00 
8; 1.000; 5; 679; 719.00 
8; 1.500; 8; 658; 719.00 
8; 2.000; 10; 641; 719.00 
8; 2.500; 14; 618; 719.00 
8; 3.000; 17; 595; 719.00 
8; 3.500; 19; 581; 719.00 
8; 4.000; 22; 558; 719.00 
8; 4.500; 25; 537; 719.00 
8; 5.000; 28; 516; 719.00 
8; 5.500; 31; 494; 719.00 
8; 6.000; 33; 476; 719.00 
8; 6.500; 35; 466; 719.00 
8; 7.000; 37; 449; 719.00 
8; 7.500; 39; 438; 719.00 
8; 8.000; 42; 416; 719.00 
8; 8.500; 44; 397; 719.00 
8; 9.000; 46; 383; 719.00 
8; 9.500; 48; 373; 719.00 
8; 10.000; 49; 361; 719.00 
8; 10.500; 51; 349; 719.00 
8; 11.000; 53; 333; 719.00 
8; 11.500; 55; 323; 719.00 
8; 12.000; 57; 309; 719.00 
8; 12.500; 58; 299; 719.00 
8; 13.000; 60; 286; 719.00 
8; 13.500; 62; 272; 719.00 
8; 14.000; 63; 261; 719.00 
8; 14.500; 65; 245; 719.00 
8; 15.000; 67; 236; 719.00 
8; 15.500; 69; 220; 719.00 
8; 16.000; 70; 212; 719.00 
8; 16.500; 71; 203; 719.00 
8; 17.000; 73; 191; 719.00 
8; 17.500; 74; 184; 719.00 
8; 18.000; 75; 178; 719.00 
8; 18.500; 76; 172; 719.00 
8; 19.000; 76; 167; 719.00 
8; 19.500; 78; 158; 719.00 
8; 20.000; 79; 149; 719.00 
8; 20.500; 80; 143; 719.00 
8; 21.000; 80; 138; 719.00 
8; 21.500; 81; 133; 719.00 
8; 22.000; 81; 131; 719.00 
8; 22.500; 83; 121; 719.00 
8; 23.000; 83; 118; 719.00 
8; 23.500; 84; 110; 719.00 
8; 24.000; 85; 102; 719.00 
8; 24.500; 86; 95; 719.00 
8; 25.000; 87; 91; 719.00 
8; 25.500; 88; 85; 719.00 
8; 26.000; 88; 84; 719.00 
8; 26.500; 89; 78; 719.00 
8; 27.000; 89; 75; 719.00 
8; 27.500; 89; 73; 719.00 
8; 28.000; 90; 69; 719.00 
8; 28.500; 91; 63; 719.00 
8; 29.000; 91; 61; 719.00 
8; 29.500; 91; 58; 719.00 
8; 30.000; 92; 56; 719.00 
8; 30.500; 92; 55; 719.00 
8; 31.000; 92; 53; 719.00 
8; 31.500; 92; 52; 719.00 
8; 32.000; 93; 48; 719.00 
8; 32.500; 93; 47; 719.00 
8; 33.000; 93; 46; 719.00 
8; 33.500; 93; 44; 719.00 
8; 34.000; 94; 43; 719.00 
8; 34.500; 94; 43; 719.00 
8; 35.000; 94; 41; 719.00 
8; 35.500; 94; 39; 719.00 
8; 36.000; 95; 35; 719.00 
8; 36.500; 95; 31; 719.00 
8; 37.000; 95; 30; 719.00 
8; 37.500; 95; 30; 719.00 
8; 38.000; 96; 28; 719.00 
8; 38.500; 96; 27; 719.00 
8; 39.000; 96; 26; 719.00 
8; 39.500; 96; 26; 719.00 
8; 40.000; 96; 25; 719.00 
8; 40.500; 96; 25; 719.00 
8; 41.000; 96; 23; 719.00 
8; 41.500; 96; 22; 719.00 
8; 42.000; 97; 20; 719.00 
8; 42.500; 97; 20; 719.00 
8; 43.000; 97; 19; 719.00 
8; 43.500; 97; 19; 719.00 
8; 44.000; 97; 19; 719.00 
8; 44.500; 97; 18; 719.00 
8; 45.000; 97; 18; 719.00 
8; 45.500; 97; 18; 719.00 
8; 46.000; 97; 16; 719.00 
8; 46.500; 97; 16; 719.00 
8; 47.000; 97; 16; 719.00 
8; 47.500; 97; 16; 719.00 
8; 48.000; 97; 16; 719.00 
8; 48.500; 97; 16; 719.00 
8; 49.000; 97; 15; 719.00 
8; 49.500; 98; 13; 719.00 
8; 50.000; 98; 13; 719.00 
8; 50.500; 98; 13; 719.00 
8; 51.000; 98; 12; 719.00 
8; 51.500; 98; 12; 719.00 
8; 52.000; 98; 11; 719.00 
8; 52.500; 98; 11; 719.00 
8; 53.000; 98; 11; 719.00 
8; 53.500; 98; 11; 719.00 
8; 54.000; 98; 11; 719.00 
8; 54.500; 98; 11; 719.00 
8; 55.000; 98; 11; 719.00 
8; 55.500; 98; 11; 719.00 
8; 56.000; 98; 10; 719.00 
8; 56.500; 98; 9; 719.00 
8; 57.000; 98; 9; 719.00 
8; 57.500; 98; 9; 719.00 
8; 58.000; 98; 9; 719.00 
8; 58.500; 98; 9; 719.00 
8; 59.000; 98; 9; 719.00 
8; 59.500; 98; 9; 719.00 
8; 60.000; 98; 9; 719.00 
8; 60.500; 98; 9; 719.00 
8; 61.000; 98; 9; 719.00 
8; 61.500; 98; 9; 719.00 
8; 62.000; 98; 9; 719.00 
8; 62.500; 98; 9; 719.00 
8; 63.000; 98; 9; 719.00 
8; 63.500; 98; 9; 719.00 
8; 64.000; 98; 9; 719.00 
8; 64.500; 98; 9; 719.00 
8; 65.000; 98; 8; 719.00 
8; 65.500; 98; 8; 719.00 
8; 66.000; 98; 8; 719.00 
8; 66.500; 98; 8; 719.00 
8; 67.000; 98; 8; 719.00 
8; 67.500; 98; 8; 719.00 
8; 68.000; 98; 8; 719.00 
8; 68.500; 98; 8; 719.00 
8; 69.000; 98; 8; 719.00 
8; 69.500; 98; 8; 719.00 
8; 70.000; 98; 8; 719.00 
8; 70.500; 98; 8; 719.00 
8; 71.000; 99; 7; 719.00 
8; 71.500; 99; 7; 719.00 
8; 72.000; 99; 7; 719.00 
8; 72.500; 99; 6; 719.00 
8; 73.000; 99; 6; 719.00 
8; 73.500; 99; 6; 719.00 
8; 74.000; 99; 6; 719.00 
8; 74.500; 99; 5; 719.00 
8; 75.000; 99; 5; 719.00 
8; 75.500; 99; 5; 719.00 
8; 76.000; 99; 5; 719.00 
8; 76.500; 99; 4; 719.00 
8; 77.000; 99; 4; 719.00 
8; 77.500; 99; 4; 719.00 
8; 78.000; 99; 4; 719.00 
8; 78.500; 99; 4; 719.00 
8; 79.000; 99; 4; 719.00 
8; 79.500; 99; 4; 719.00 
8; 80.000; 99; 3; 719.00 
8; 80.500; 99; 2; 719.00 
8; 81.000; 99; 2; 719.00 
8; 81.500; 99; 2; 719.00 
8; 82.000; 99; 2; 719.00 
8; 82.500; 99; 2; 719.00 
8; 83.000; 99; 2; 719.00 
8; 83.500; 99; 2; 719.00 
8; 84.000; 99; 2; 719.00 
8; 84.500; 99; 2; 719.00 
8; 85.000; 99; 2; 719.00 
8; 85.500; 99; 2; 719.00 
8; 86.000; 99; 2; 719.00 
8; 86.500; 99; 2; 719.00 
8; 87.000; 99; 2; 719.00 
8; 87.500; 99; 2; 719.00 
8; 88.000; 99; 2; 719.00 
8; 88.500; 99; 2; 719.00 
8; 89.000; 99; 2; 719.00 
8; 89.500; 99; 2; 719.00 
8; 90.000; 99; 2; 719.00 
8; 90.500; 99; 2; 719.00 
8; 91.000; 99; 2; 719.00 
8; 91.500; 99; 2; 719.00 
8; 92.000; 99; 2; 719.00 
8; 92.500; 99; 2; 719.00 
8; 93.000; 99; 2; 719.00 
8; 93.500; 99; 2; 719.00 
8; 94.000; 99; 2; 719.00 
8; 94.500; 99; 2; 719.00 
8; 95.000; 99; 2; 719.00 
8; 95.500; 99; 2; 719.00 
8; 96.000; 99; 2; 719.00 
8; 96.500; 99; 2; 719.00 
8; 97.000; 99; 2; 719.00 
8; 97.500; 99; 2; 719.00 
8; 98.000; 99; 2; 719.00 
8; 98.500; 99; 2; 719.00 
8; 99.000; 99; 2; 719.00 
8; 99.500; 99; 2; 719.00 
9; 0.500; 2; 701; 719.00 
9; 1.000; 5; 678; 719.00 
9; 1.500; 9; 654; 719.00 
9; 2.000; 11; 638; 719.00 
9; 2.500; 14; 617; 719.00 
9; 3.000; 16; 597; 719.00 
9; 3.500; 19; 576; 719.00 
9; 4.000; 22; 557; 719.00 
9; 4.500; 25; 537; 719.00 
9; 5.000; 28; 515; 719.00 
9; 5.500; 31; 492; 719.00 
9; 6.000; 33; 477; 719.00 
9; 6.500; 35; 464; 719.00 
9; 7.000; 37; 449; 719.00 
9; 7.500; 39; 432; 719.00 
9; 8.000; 42; 416; 719.00 
9; 8.500; 45; 394; 719.00 
9; 9.000; 46; 382; 719.00 
9; 9.500; 48; 371; 719.00 
9; 10.000; 50; 355; 719.00 
9; 10.500; 52; 341; 719.00 
9; 11.000; 54; 328; 719.00 
9; 11.500; 55; 318; 719.00 
9; 12.000; 57; 307; 719.00 
9; 12.500; 58; 297; 719.00 
9; 13.000; 60; 283; 719.00 
9; 13.500; 62; 268; 719.00 
9; 14.000; 64; 253; 719.00 
9; 14.500; 66; 243; 719.00 
9; 15.000; 67; 231; 719.00 
9; 15.500; 69; 218; 719.00 
9; 16.000; 70; 209; 719.00 
9; 16.500; 72; 199; 719.00 
9; 17.000; 73; 187; 719.00 
9; 17.500; 75; 177; 719.00 
9; 18.000; 75; 173; 719.00 
9; 18.500; 76; 170; 719.00 
9; 19.000; 77; 163; 719.00 
9; 19.500; 78; 153; 719.00 
9; 20.000; 79; 146; 719.00 
9; 20.500; 80; 140; 719.00 
9; 21.000; 80; 138; 719.00 
9; 21.500; 81; 133; 719.00 
9; 22.000; 82; 128; 719.00 
9; 22.500; 83; 118; 719.00 
9; 23.000; 84; 114; 719.00 
9; 23.500; 85; 105; 719.00 
9; 24.000; 85; 101; 719.00 
9; 24.500; 86; 94; 719.00 
9; 25.000; 87; 88; 719.00 
9; 25.500; 88; 85; 719.00 
9; 26.000; 88; 83; 719.00 
9; 26.500; 89; 78; 719.00 
9; 27.000; 89; 75; 719.00 
9; 27.500; 90; 70; 719.00 
9; 28.000; 90; 66; 719.00 
9; 28.500; 91; 62; 719.00 
9; 29.000; 91; 58; 719.00 
9; 29.500; 92; 56; 719.00 
9; 30.000; 92; 55; 719.00 
9; 30.500; 92; 54; 719.00 
9; 31.000; 93; 50; 719.00 
9; 31.500; 93; 47; 719.00 
9; 32.000; 93; 47; 719.00 
9; 32.500; 93; 45; 719.00 
9; 33.000; 93; 44; 719.00 
9; 33.500; 94; 43; 719.00 
9; 34.000; 94; 43; 719.00 
9; 34.500; 94; 42; 719.00 
9; 35.000; 94; 36; 719.00 
9; 35.500; 95; 34; 719.00 
9; 36.000; 95; 31; 719.00 
9; 36.500; 95; 30; 719.00 
9; 37.000; 95; 30; 719.00 
9; 37.500; 96; 28; 719.00 
9; 38.000; 96; 26; 719.00 
9; 38.500; 96; 26; 719.00 
9; 39.000; 96; 25; 719.00 
9; 39.500; 96; 25; 719.00 
9; 40.000; 96; 25; 719.00 
9; 40.500; 96; 23; 719.00 
9; 41.000; 96; 23; 719.00 
9; 41.500; 96; 22; 719.00 
9; 42.000; 97; 20; 719.00 
9; 42.500; 97; 19; 719.00 
9; 43.000; 97; 19; 719.00 
9; 43.500; 97; 18; 719.00 
9; 44.000; 97; 18; 719.00 
9; 44.500; 97; 18; 719.00 
9; 45.000; 97; 17; 719.00 
9; 45.500; 97; 17; 719.00 
9; 46.000; 97; 16; 719.00 
9; 46.500; 97; 16; 719.00 
9; 47.000; 97; 16; 719.00 
9; 47.500; 97; 16; 719.00 
9; 48.000; 97; 16; 719.00 
9; 48.500; 98; 14; 719.00 
9; 49.000; 98; 13; 719.00 
9; 49.500; 98; 13; 719.00 
9; 50.000; 98; 13; 719.00 
9; 50.500; 98; 12; 719.00 
9; 51.000; 98; 11; 719.00 
9; 51.500; 98; 11; 719.00 
9; 52.000; 98; 11; 719.00 
9; 52.500; 98; 11; 719.00 
9; 53.000; 98; 11; 719.00 
9; 53.500; 98; 11; 719.00 
9; 54.000; 98; 11; 719.00 
9; 54.500; 98; 11; 719.00 
9; 55.000; 98; 10; 719.00 
9; 55.500; 98; 9; 719.00 
9; 56.000; 98; 9; 719.00 
9; 56.500; 98; 9; 719.00 
9; 57.000; 98; 9; 719.00 
9; 57.500; 98; 9; 719.00 
9; 58.000; 98; 9; 719.00 
9; 58.500; 98; 9; 719.00 
9; 59.000; 98; 9; 719.00 
9; 59.500; 98; 9; 719.00 
9; 60.000; 98; 9; 719.00 
9; 60.500; 98; 9; 719.00 
9; 61.000; 98; 9; 719.00 
9; 61.500; 98; 9; 719.00 
9; 62.000; 98; 9; 719.00 
9; 62.500; 98; 9; 719.00 
9; 63.000; 98; 9; 719.00 
9; 63.500; 98; 9; 719.00 
9; 64.000; 98; 8; 719.00 
9; 64.500; 98; 8; 719.00 
9; 65.000; 98; 8; 719.00 
9; 65.500; 98; 8; 719.00 
9; 66.000; 98; 8; 719.00 
9; 66.500; 98; 8; 719.00 
9; 67.000; 98; 8; 719.00 
9; 67.500; 98; 8; 719.00 
9; 68.000; 98; 8; 719.00 
9; 68.500; 98; 8; 719.00 
9; 69.000; 98; 8; 719.00 
9; 69.500; 98; 8; 719.00 
9; 70.000; 99; 7; 719.00 
9; 70.500; 99; 7; 719.00 
9; 71.000; 99; 7; 719.00 
9; 71.500; 99; 6; 719.00 
9; 72.000; 99; 6; 719.00 
9; 72.500; 99; 6; 719.00 
9; 73.000; 99; 6; 719.00 
9; 73.500; 99; 5; 719.00 
9; 74.000; 99; 5; 719.00 
9; 74.500; 99; 5; 719.00 
9; 75.000; 99; 4; 719.00 
9; 75.500; 99; 4; 719.00 
9; 76.000; 99; 4; 719.00 
9; 76.500; 99; 4; 719.00 
9; 77.000; 99; 4; 719.00 
9; 77.500; 99; 4; 719.00 
9; 78.000; 99; 4; 719.00 
9; 78.500; 99; 4; 719.00 
9; 79.000; 99; 3; 719.00 
9; 79.500; 99; 3; 719.00 
9; 80.000; 99; 3; 719.00 
9; 80.500; 99; 2; 719.00 
9; 81.000; 99; 2; 719.00 
9; 81.500; 99; 2; 719.00 
9; 82.000; 99; 2; 719.00 
9; 82.500; 99; 2; 719.00 
9; 83.000; 99; 2; 719.00 
9; 83.500; 99; 2; 719.00 
9; 84.000; 99; 2; 719.00 
9; 84.500; 99; 2; 719.00 
9; 85.000; 99; 2; 719.00 
9; 85.500; 99; 2; 719.00 
9; 86.000; 99; 2; 719.00 
9; 86.500; 99; 2; 719.00 
9; 87.000; 99; 2; 719.00 
9; 87.500; 99; 2; 719.00 
9; 88.000; 99; 2; 719.00 
9; 88.500; 99; 2; 719.00 
9; 89.000; 99; 2; 719.00 
9; 89.500; 99; 2; 719.00 
9; 90.000; 99; 2; 719.00 
9; 90.500; 99; 2; 719.00 
9; 91.000; 99; 2; 719.00 
9; 91.500; 99; 2; 719.00 
9; 92.000; 99; 2; 719.00 
9; 92.500; 99; 2; 719.00 
9; 93.000; 99; 2; 719.00 
9; 93.500; 99; 2; 719.00 
9; 94.000; 99; 2; 719.00 
9; 94.500; 99; 2; 719.00 
9; 95.000; 99; 2; 719.00 
9; 95.500; 99; 2; 719.00 
9; 96.000; 99; 2; 719.00 
9; 96.500; 99; 2; 719.00 
9; 97.000; 99; 2; 719.00 
9; 97.500; 99; 2; 719.00 
9; 98.000; 99; 2; 719.00 
9; 98.500; 99; 2; 719.00 
9; 99.000; 99; 2; 719.00 
9; 99.500; 99; 2; 719.00 
10; 0.500; 3; 697; 719.00 
10; 1.000; 6; 675; 719.00 
10; 1.500; 8; 655; 719.00 
10; 2.000; 12; 632; 719.00 
10; 2.500; 15; 609; 719.00 
10; 3.000; 17; 592; 719.00 
10; 3.500; 19; 576; 719.00 
10; 4.000; 23; 550; 719.00 
10; 4.500; 25; 534; 719.00 
10; 5.000; 28; 514; 719.00 
10; 5.500; 32; 488; 719.00 
10; 6.000; 34; 473; 719.00 
10; 6.500; 35; 461; 719.00 
10; 7.000; 38; 443; 719.00 
10; 7.500; 40; 425; 719.00 
10; 8.000; 43; 408; 719.00 
10; 8.500; 45; 393; 719.00 
10; 9.000; 48; 373; 719.00 
10; 9.500; 50; 357; 719.00 
10; 10.000; 51; 346; 719.00 
10; 10.500; 54; 330; 719.00 
10; 11.000; 55; 322; 719.00 
10; 11.500; 56; 314; 719.00 
10; 12.000; 57; 305; 719.00 
10; 12.500; 59; 289; 719.00 
10; 13.000; 61; 275; 719.00 
10; 13.500; 63; 261; 719.00 
10; 14.000; 65; 248; 719.00 
10; 14.500; 67; 235; 719.00 
10; 15.000; 68; 226; 719.00 
10; 15.500; 70; 215; 719.00 
10; 16.000; 72; 201; 719.00 
10; 16.500; 73; 191; 719.00 
10; 17.000; 74; 184; 719.00 
10; 17.500; 75; 176; 719.00 
10; 18.000; 76; 169; 719.00 
10; 18.500; 77; 160; 719.00 
10; 19.000; 78; 155; 719.00 
10; 19.500; 79; 147; 719.00 
10; 20.000; 79; 146; 719.00 
10; 20.500; 80; 142; 719.00 
10; 21.000; 81; 133; 719.00 
10; 21.500; 82; 125; 719.00 
10; 22.000; 83; 118; 719.00 
10; 22.500; 84; 111; 719.00 
10; 23.000; 84; 110; 719.00 
10; 23.500; 85; 102; 719.00 
10; 24.000; 86; 94; 719.00 
10; 24.500; 87; 90; 719.00 
10; 25.000; 87; 87; 719.00 
10; 25.500; 88; 83; 719.00 
10; 26.000; 88; 82; 719.00 
10; 26.500; 89; 75; 719.00 
10; 27.000; 90; 66; 719.00 
10; 27.500; 91; 62; 719.00 
10; 28.000; 91; 60; 719.00 
10; 28.500; 91; 58; 719.00 
10; 29.000; 92; 56; 719.00 
10; 29.500; 92; 55; 719.00 
10; 30.000; 92; 52; 719.00 
10; 30.500; 93; 49; 719.00 
10; 31.000; 93; 46; 719.00 
10; 31.500; 93; 45; 719.00 
10; 32.000; 93; 44; 719.00 
10; 32.500; 93; 44; 719.00 
10; 33.000; 94; 42; 719.00 
10; 33.500; 94; 38; 719.00 
10; 34.000; 95; 35; 719.00 
10; 34.500; 95; 31; 719.00 
10; 35.000; 95; 29; 719.00 
10; 35.500; 95; 29; 719.00 
10; 36.000; 95; 29; 719.00 
10; 36.500; 95; 29; 719.00 
10; 37.000; 96; 28; 719.00 
10; 37.500; 96; 26; 719.00 
10; 38.000; 96; 26; 719.00 
10; 38.500; 96; 25; 719.00 
10; 39.000; 96; 24; 719.00 
10; 39.500; 96; 23; 719.00 
10; 40.000; 96; 23; 719.00 
10; 40.500; 96; 23; 719.00 
10; 41.000; 96; 22; 719.00 
10; 41.500; 97; 21; 719.00 
10; 42.000; 97; 18; 719.00 
10; 42.500; 97; 18; 719.00 
10; 43.000; 97; 18; 719.00 
10; 43.500; 97; 17; 719.00 
10; 44.000; 97; 17; 719.00 
10; 44.500; 97; 17; 719.00 
10; 45.000; 97; 16; 719.00 
10; 45.500; 97; 16; 719.00 
10; 46.000; 97; 16; 719.00 
10; 46.500; 97; 15; 719.00 
10; 47.000; 98; 14; 719.00 
10; 47.500; 98; 14; 719.00 
10; 48.000; 98; 14; 719.00 
10; 48.500; 98; 14; 719.00 
10; 49.000; 98; 12; 719.00 
10; 49.500; 98; 11; 719.00 
10; 50.000; 98; 11; 719.00 
10; 50.500; 98; 11; 719.00 
10; 51.000; 98; 11; 719.00 
10; 51.500; 98; 11; 719.00 
10; 52.000; 98; 11; 719.00 
10; 52.500; 98; 11; 719.00 
10; 53.000; 98; 10; 719.00 
10; 53.500; 98; 10; 719.00 
10; 54.000; 98; 9; 719.00 
10; 54.500; 98; 9; 719.00 
10; 55.000; 98; 9; 719.00 
10; 55.500; 98; 9; 719.00 
10; 56.000; 98; 9; 719.00 
10; 56.500; 98; 9; 719.00 
10; 57.000; 98; 9; 719.00 
10; 57.500; 98; 9; 719.00 
10; 58.000; 98; 9; 719.00 
10; 58.500; 98; 9; 719.00 
10; 59.000; 98; 9; 719.00 
10; 59.500; 98; 9; 719.00 
10; 60.000; 98; 9; 719.00 
10; 60.500; 98; 9; 719.00 
10; 61.000; 98; 9; 719.00 
10; 61.500; 98; 9; 719.00 
10; 62.000; 98; 8; 719.00 
10; 62.500; 98; 8; 719.00 
10; 63.000; 98; 8; 719.00 
10; 63.500; 98; 8; 719.00 
10; 64.000; 98; 8; 719.00 
10; 64.500; 98; 8; 719.00 
10; 65.000; 98; 8; 719.00 
10; 65.500; 98; 8; 719.00 
10; 66.000; 98; 8; 719.00 
10; 66.500; 99; 7; 719.00 
10; 67.000; 99; 7; 719.00 
10; 67.500; 99; 7; 719.00 
10; 68.000; 99; 6; 719.00 
10; 68.500; 99; 6; 719.00 
10; 69.000; 99; 6; 719.00 
10; 69.500; 99; 6; 719.00 
10; 70.000; 99; 6; 719.00 
10; 70.500; 99; 6; 719.00 
10; 71.000; 99; 5; 719.00 
10; 71.500; 99; 4; 719.00 
10; 72.000; 99; 4; 719.00 
10; 72.500; 99; 4; 719.00 
10; 73.000; 99; 4; 719.00 
10; 73.500; 99; 4; 719.00 
10; 74.000; 99; 4; 719.00 
10; 74.500; 99; 4; 719.00 
10; 75.000; 99; 4; 719.00 
10; 75.500; 99; 4; 719.00 
10; 76.000; 99; 3; 719.00 
10; 76.500; 99; 3; 719.00 
10; 77.000; 99; 3; 719.00 
10; 77.500; 99; 3; 719.00 
10; 78.000; 99; 3; 719.00 
10; 78.500; 99; 3; 719.00 
10; 79.000; 99; 3; 719.00 
10; 79.500; 99; 3; 719.00 
10; 80.000; 99; 3; 719.00 
10; 80.500; 99; 2; 719.00 
10; 81.000; 99; 2; 719.00 
10; 81.500; 99; 2; 719.00 
10; 82.000; 99; 2; 719.00 
10; 82.500; 99; 2; 719.00 
10; 83.000; 99; 2; 719.00 
10; 83.500; 99; 2; 719.00 
10; 84.000; 99; 2; 719.00 
10; 84.500; 99; 2; 719.00 
10; 85.000; 99; 2; 719.00 
10; 85.500; 99; 2; 719.00 
10; 86.000; 99; 2; 719.00 
10; 86.500; 99; 2; 719.00 
10; 87.000; 99; 2; 719.00 
10; 87.500; 99; 2; 719.00 
10; 88.000; 99; 2; 719.00 
10; 88.500; 99; 2; 719.00 
10; 89.000; 99; 2; 719.00 
10; 89.500; 99; 2; 719.00 
10; 90.000; 99; 2; 719.00 
10; 90.500; 99; 2; 719.00 
10; 91.000; 99; 2; 719.00 
10; 91.500; 99; 2; 719.00 
10; 92.000; 99; 2; 719.00 
10; 92.500; 99; 2; 719.00 
10; 93.000; 99; 2; 719.00 
10; 93.500; 99; 2; 719.00 
10; 94.000; 99; 2; 719.00 
10; 94.500; 99; 2; 719.00 
10; 95.000; 99; 2; 719.00 
10; 95.500; 99; 2; 719.00 
10; 96.000; 99; 2; 719.00 
10; 96.500; 99; 2; 719.00 
10; 97.000; 99; 2; 719.00 
10; 97.500; 99; 2; 719.00 
10; 98.000; 99; 2; 719.00 
10; 98.500; 99; 2; 719.00 
10; 99.000; 99; 2; 719.00 
10; 99.500; 99; 2; 719.00 
11; 0.500; 3; 695; 719.00 
11; 1.000; 7; 668; 719.00 
11; 1.500; 9; 648; 719.00 
11; 2.000; 12; 631; 719.00 
11; 2.500; 15; 605; 719.00 
11; 3.000; 18; 586; 719.00 
11; 3.500; 21; 564; 719.00 
11; 4.000; 24; 543; 719.00 
11; 4.500; 26; 528; 719.00 
11; 5.000; 28; 512; 719.00 
11; 5.500; 31; 494; 719.00 
11; 6.000; 35; 466; 719.00 
11; 6.500; 36; 455; 719.00 
11; 7.000; 37; 446; 719.00 
11; 7.500; 40; 425; 719.00 
11; 8.000; 43; 403; 719.00 
11; 8.500; 46; 383; 719.00 
11; 9.000; 48; 368; 719.00 
11; 9.500; 51; 349; 719.00 
11; 10.000; 53; 333; 719.00 
11; 10.500; 54; 325; 719.00 
11; 11.000; 55; 319; 719.00 
11; 11.500; 56; 310; 719.00 
11; 12.000; 58; 301; 719.00 
11; 12.500; 60; 285; 719.00 
11; 13.000; 62; 268; 719.00 
11; 13.500; 64; 256; 719.00 
11; 14.000; 66; 241; 719.00 
11; 14.500; 67; 232; 719.00 
11; 15.000; 69; 221; 719.00 
11; 15.500; 70; 212; 719.00 
11; 16.000; 72; 199; 719.00 
11; 16.500; 73; 187; 719.00 
11; 17.000; 75; 179; 719.00 
11; 17.500; 76; 172; 719.00 
11; 18.000; 77; 163; 719.00 
11; 18.500; 78; 154; 719.00 
11; 19.000; 79; 149; 719.00 
11; 19.500; 79; 146; 719.00 
11; 20.000; 79; 145; 719.00 
11; 20.500; 81; 136; 719.00 
11; 21.000; 82; 129; 719.00 
11; 21.500; 83; 120; 719.00 
11; 22.000; 84; 114; 719.00 
11; 22.500; 84; 111; 719.00 
11; 23.000; 85; 106; 719.00 
11; 23.500; 86; 97; 719.00 
11; 24.000; 87; 92; 719.00 
11; 24.500; 87; 88; 719.00 
11; 25.000; 87; 87; 719.00 
11; 25.500; 88; 81; 719.00 
11; 26.000; 89; 78; 719.00 
11; 26.500; 90; 69; 719.00 
11; 27.000; 90; 66; 719.00 
11; 27.500; 91; 59; 719.00 
11; 28.000; 91; 58; 719.00 
11; 28.500; 92; 57; 719.00 
11; 29.000; 92; 53; 719.00 
11; 29.500; 93; 49; 719.00 
11; 30.000; 93; 46; 719.00 
11; 30.500; 93; 45; 719.00 
11; 31.000; 93; 45; 719.00 
11; 31.500; 94; 43; 719.00 
11; 32.000; 94; 43; 719.00 
11; 32.500; 94; 39; 719.00 
11; 33.000; 94; 36; 719.00 
11; 33.500; 95; 34; 719.00 
11; 34.000; 95; 32; 719.00 
11; 34.500; 95; 29; 719.00 
11; 35.000; 95; 29; 719.00 
11; 35.500; 95; 29; 719.00 
11; 36.000; 95; 29; 719.00 
11; 36.500; 96; 28; 719.00 
11; 37.000; 96; 26; 719.00 
11; 37.500; 96; 25; 719.00 
11; 38.000; 96; 25; 719.00 
11; 38.500; 96; 24; 719.00 
11; 39.000; 96; 23; 719.00 
11; 39.500; 96; 23; 719.00 
11; 40.000; 96; 23; 719.00 
11; 40.500; 97; 21; 719.00 
11; 41.000; 97; 20; 719.00 
11; 41.500; 97; 19; 719.00 
11; 42.000; 97; 18; 719.00 
11; 42.500; 97; 17; 719.00 
11; 43.000; 97; 17; 719.00 
11; 43.500; 97; 17; 719.00 
11; 44.000; 97; 17; 719.00 
11; 44.500; 97; 16; 719.00 
11; 45.000; 97; 16; 719.00 
11; 45.500; 97; 15; 719.00 
11; 46.000; 98; 14; 719.00 
11; 46.500; 98; 14; 719.00 
11; 47.000; 98; 14; 719.00 
11; 47.500; 98; 14; 719.00 
11; 48.000; 98; 14; 719.00 
11; 48.500; 98; 12; 719.00 
11; 49.000; 98; 11; 719.00 
11; 49.500; 98; 11; 719.00 
11; 50.000; 98; 11; 719.00 
11; 50.500; 98; 11; 719.00 
11; 51.000; 98; 11; 719.00 
11; 51.500; 98; 10; 719.00 
11; 52.000; 98; 10; 719.00 
11; 52.500; 98; 9; 719.00 
11; 53.000; 98; 9; 719.00 
11; 53.500; 98; 9; 719.00 
11; 54.000; 98; 9; 719.00 
11; 54.500; 98; 9; 719.00 
11; 55.000; 98; 9; 719.00 
11; 55.500; 98; 9; 719.00 
11; 56.000; 98; 9; 719.00 
11; 56.500; 98; 9; 719.00 
11; 57.000; 98; 9; 719.00 
11; 57.500; 98; 9; 719.00 
11; 58.000; 98; 9; 719.00 
11; 58.500; 98; 9; 719.00 
11; 59.000; 98; 9; 719.00 
11; 59.500; 98; 9; 719.00 
11; 60.000; 98; 9; 719.00 
11; 60.500; 98; 9; 719.00 
11; 61.000; 98; 8; 719.00 
11; 61.500; 98; 8; 719.00 
11; 62.000; 98; 8; 719.00 
11; 62.500; 98; 8; 719.00 
11; 63.000; 98; 8; 719.00 
11; 63.500; 98; 8; 719.00 
11; 64.000; 98; 8; 719.00 
11; 64.500; 99; 7; 719.00 
11; 65.000; 99; 7; 719.00 
11; 65.500; 99; 7; 719.00 
11; 66.000; 99; 7; 719.00 
11; 66.500; 99; 6; 719.00 
11; 67.000; 99; 6; 719.00 
11; 67.500; 99; 6; 719.00 
11; 68.000; 99; 6; 719.00 
11; 68.500; 99; 6; 719.00 
11; 69.000; 99; 6; 719.00 
11; 69.500; 99; 4; 719.00 
11; 70.000; 99; 4; 719.00 
11; 70.500; 99; 4; 719.00 
11; 71.000; 99; 4; 719.00 
11; 71.500; 99; 4; 719.00 
11; 72.000; 99; 4; 719.00 
11; 72.500; 99; 4; 719.00 
11; 73.000; 99; 4; 719.00 
11; 73.500; 99; 4; 719.00 
11; 74.000; 99; 4; 719.00 
11; 74.500; 99; 3; 719.00 
11; 75.000; 99; 3; 719.00 
11; 75.500; 99; 3; 719.00 
11; 76.000; 99; 3; 719.00 
11; 76.500; 99; 3; 719.00 
11; 77.000; 99; 3; 719.00 
11; 77.500; 99; 3; 719.00 
11; 78.000; 99; 3; 719.00 
11; 78.500; 99; 3; 719.00 
11; 79.000; 99; 3; 719.00 
11; 79.500; 99; 3; 719.00 
11; 80.000; 99; 3; 719.00 
11; 80.500; 99; 2; 719.00 
11; 81.000; 99; 2; 719.00 
11; 81.500; 99; 2; 719.00 
11; 82.000; 99; 2; 719.00 
11; 82.500; 99; 2; 719.00 
11; 83.000; 99; 2; 719.00 
11; 83.500; 99; 2; 719.00 
11; 84.000; 99; 2; 719.00 
11; 84.500; 99; 2; 719.00 
11; 85.000; 99; 2; 719.00 
11; 85.500; 99; 2; 719.00 
11; 86.000; 99; 2; 719.00 
11; 86.500; 99; 2; 719.00 
11; 87.000; 99; 2; 719.00 
11; 87.500; 99; 2; 719.00 
11; 88.000; 99; 2; 719.00 
11; 88.500; 99; 2; 719.00 
11; 89.000; 99; 2; 719.00 
11; 89.500; 99; 2; 719.00 
11; 90.000; 99; 2; 719.00 
11; 90.500; 99; 2; 719.00 
11; 91.000; 99; 2; 719.00 
11; 91.500; 99; 2; 719.00 
11; 92.000; 99; 2; 719.00 
11; 92.500; 99; 2; 719.00 
11; 93.000; 99; 2; 719.00 
11; 93.500; 99; 2; 719.00 
11; 94.000; 99; 2; 719.00 
11; 94.500; 99; 2; 719.00 
11; 95.000; 99; 2; 719.00 
11; 95.500; 99; 2; 719.00 
11; 96.000; 99; 2; 719.00 
11; 96.500; 99; 2; 719.00 
11; 97.000; 99; 2; 719.00 
11; 97.500; 99; 2; 719.00 
11; 98.000; 99; 2; 719.00 
11; 98.500; 99; 2; 719.00 
11; 99.000; 99; 2; 719.00 
11; 99.500; 99; 2; 719.00 
12; 0.500; 2; 699; 719.00 
12; 1.000; 5; 682; 719.00 
12; 1.500; 9; 654; 719.00 
12; 2.000; 11; 638; 719.00 
12; 2.500; 14; 615; 719.00 
12; 3.000; 16; 597; 719.00 
12; 3.500; 19; 578; 719.00 
12; 4.000; 22; 556; 719.00 
12; 4.500; 24; 540; 719.00 
12; 5.000; 27; 518; 719.00 
12; 5.500; 31; 493; 719.00 
12; 6.000; 33; 476; 719.00 
12; 6.500; 35; 466; 719.00 
12; 7.000; 37; 451; 719.00 
12; 7.500; 40; 431; 719.00 
12; 8.000; 41; 419; 719.00 
12; 8.500; 44; 399; 719.00 
12; 9.000; 47; 381; 719.00 
12; 9.500; 48; 373; 719.00 
12; 10.000; 50; 359; 719.00 
12; 10.500; 52; 343; 719.00 
12; 11.000; 53; 332; 719.00 
12; 11.500; 55; 320; 719.00 
12; 12.000; 57; 309; 719.00 
12; 12.500; 58; 297; 719.00 
12; 13.000; 60; 283; 719.00 
12; 13.500; 62; 271; 719.00 
12; 14.000; 63; 260; 719.00 
12; 14.500; 66; 244; 719.00 
12; 15.000; 67; 233; 719.00 
12; 15.500; 69; 220; 719.00 
12; 16.000; 70; 210; 719.00 
12; 16.500; 72; 200; 719.00 
12; 17.000; 73; 189; 719.00 
12; 17.500; 74; 181; 719.00 
12; 18.000; 75; 175; 719.00 
12; 18.500; 76; 171; 719.00 
12; 19.000; 76; 168; 719.00 
12; 19.500; 78; 158; 719.00 
12; 20.000; 79; 148; 719.00 
12; 20.500; 80; 141; 719.00 
12; 21.000; 80; 139; 719.00 
12; 21.500; 81; 133; 719.00 
12; 22.000; 82; 129; 719.00 
12; 22.500; 83; 121; 719.00 
12; 23.000; 84; 115; 719.00 
12; 23.500; 85; 107; 719.00 
12; 24.000; 86; 100; 719.00 
12; 24.500; 86; 95; 719.00 
12; 25.000; 87; 89; 719.00 
12; 25.500; 88; 85; 719.00 
12; 26.000; 88; 84; 719.00 
12; 26.500; 89; 78; 719.00 
12; 27.000; 89; 75; 719.00 
12; 27.500; 90; 71; 719.00 
12; 28.000; 90; 66; 719.00 
12; 28.500; 91; 62; 719.00 
12; 29.000; 91; 58; 719.00 
12; 29.500; 92; 56; 719.00 
12; 30.000; 92; 56; 719.00 
12; 30.500; 92; 54; 719.00 
12; 31.000; 92; 52; 719.00 
12; 31.500; 93; 49; 719.00 
12; 32.000; 93; 47; 719.00 
12; 32.500; 93; 46; 719.00 
12; 33.000; 93; 44; 719.00 
12; 33.500; 94; 43; 719.00 
12; 34.000; 94; 43; 719.00 
12; 34.500; 94; 42; 719.00 
12; 35.000; 94; 40; 719.00 
12; 35.500; 95; 35; 719.00 
12; 36.000; 95; 32; 719.00 
12; 36.500; 95; 30; 719.00 
12; 37.000; 95; 30; 719.00 
12; 37.500; 95; 29; 719.00 
12; 38.000; 96; 28; 719.00 
12; 38.500; 96; 26; 719.00 
12; 39.000; 96; 25; 719.00 
12; 39.500; 96; 25; 719.00 
12; 40.000; 96; 25; 719.00 
12; 40.500; 96; 23; 719.00 
12; 41.000; 96; 23; 719.00 
12; 41.500; 96; 22; 719.00 
12; 42.000; 97; 20; 719.00 
12; 42.500; 97; 19; 719.00 
12; 43.000; 97; 19; 719.00 
12; 43.500; 97; 18; 719.00 
12; 44.000; 97; 18; 719.00 
12; 44.500; 97; 18; 719.00 
12; 45.000; 97; 18; 719.00 
12; 45.500; 97; 17; 719.00 
12; 46.000; 97; 16; 719.00 
12; 46.500; 97; 16; 719.00 
12; 47.000; 97; 16; 719.00 
12; 47.500; 97; 16; 719.00 
12; 48.000; 97; 16; 719.00 
12; 48.500; 97; 16; 719.00 
12; 49.000; 98; 13; 719.00 
12; 49.500; 98; 13; 719.00 
12; 50.000; 98; 13; 719.00 
12; 50.500; 98; 13; 719.00 
12; 51.000; 98; 12; 719.00 
12; 51.500; 98; 11; 719.00 
12; 52.000; 98; 11; 719.00 
12; 52.500; 98; 11; 719.00 
12; 53.000; 98; 11; 719.00 
12; 53.500; 98; 11; 719.00 
12; 54.000; 98; 11; 719.00 
12; 54.500; 98; 11; 719.00 
12; 55.000; 98; 10; 719.00 
12; 55.500; 98; 10; 719.00 
12; 56.000; 98; 9; 719.00 
12; 56.500; 98; 9; 719.00 
12; 57.000; 98; 9; 719.00 
12; 57.500; 98; 9; 719.00 
12; 58.000; 98; 9; 719.00 
12; 58.500; 98; 9; 719.00 
12; 59.000; 98; 9; 719.00 
12; 59.500; 98; 9; 719.00 
12; 60.000; 98; 9; 719.00 
12; 60.500; 98; 9; 719.00 
12; 61.000; 98; 9; 719.00 
12; 61.500; 98; 9; 719.00 
12; 62.000; 98; 9; 719.00 
12; 62.500; 98; 9; 719.00 
12; 63.000; 98; 9; 719.00 
12; 63.500; 98; 9; 719.00 
12; 64.000; 98; 9; 719.00 
12; 64.500; 98; 8; 719.00 
12; 65.000; 98; 8; 719.00 
12; 65.500; 98; 8; 719.00 
12; 66.000; 98; 8; 719.00 
12; 66.500; 98; 8; 719.00 
12; 67.000; 98; 8; 719.00 
12; 67.500; 98; 8; 719.00 
12; 68.000; 98; 8; 719.00 
12; 68.500; 98; 8; 719.00 
12; 69.000; 98; 8; 719.00 
12; 69.500; 98; 8; 719.00 
12; 70.000; 98; 8; 719.00 
12; 70.500; 99; 7; 719.00 
12; 71.000; 99; 7; 719.00 
12; 71.500; 99; 7; 719.00 
12; 72.000; 99; 6; 719.00 
12; 72.500; 99; 6; 719.00 
12; 73.000; 99; 6; 719.00 
12; 73.500; 99; 6; 719.00 
12; 74.000; 99; 5; 719.00 
12; 74.500; 99; 5; 719.00 
12; 75.000; 99; 5; 719.00 
12; 75.500; 99; 4; 719.00 
12; 76.000; 99; 4; 719.00 
12; 76.500; 99; 4; 719.00 
12; 77.000; 99; 4; 719.00 
12; 77.500; 99; 4; 719.00 
12; 78.000; 99; 4; 719.00 
12; 78.500; 99; 4; 719.00 
12; 79.000; 99; 4; 719.00 
12; 79.500; 99; 3; 719.00 
12; 80.000; 99; 3; 719.00 
12; 80.500; 99; 2; 719.00 
12; 81.000; 99; 2; 719.00 
12; 81.500; 99; 2; 719.00 
12; 82.000; 99; 2; 719.00 
12; 82.500; 99; 2; 719.00 
12; 83.000; 99; 2; 719.00 
12; 83.500; 99; 2; 719.00 
12; 84.000; 99; 2; 719.00 
12; 84.500; 99; 2; 719.00 
12; 85.000; 99; 2; 719.00 
12; 85.500; 99; 2; 719.00 
12; 86.000; 99; 2; 719.00 
12; 86.500; 99; 2; 719.00 
12; 87.000; 99; 2; 719.00 
12; 87.500; 99; 2; 719.00 
12; 88.000; 99; 2; 719.00 
12; 88.500; 99; 2; 719.00 
12; 89.000; 99; 2; 719.00 
12; 89.500; 99; 2; 719.00 
12; 90.000; 99; 2; 719.00 
12; 90.500; 99; 2; 719.00 
12; 91.000; 99; 2; 719.00 
12; 91.500; 99; 2; 719.00 
12; 92.000; 99; 2; 719.00 
12; 92.500; 99; 2; 719.00 
12; 93.000; 99; 2; 719.00 
12; 93.500; 99; 2; 719.00 
12; 94.000; 99; 2; 719.00 
12; 94.500; 99; 2; 719.00 
12; 95.000; 99; 2; 719.00 
12; 95.500; 99; 2; 719.00 
12; 96.000; 99; 2; 719.00 
12; 96.500; 99; 2; 719.00 
12; 97.000; 99; 2; 719.00 
12; 97.500; 99; 2; 719.00 
12; 98.000; 99; 2; 719.00 
12; 98.500; 99; 2; 719.00 
12; 99.000; 99; 2; 719.00 
12; 99.500; 99; 2; 719.00 
13; 0.500; 3; 696; 719.00 
13; 1.000; 6; 674; 719.00 
13; 1.500; 8; 659; 719.00 
13; 2.000; 11; 633; 719.00 
13; 2.500; 14; 613; 719.00 
13; 3.000; 17; 596; 719.00 
13; 3.500; 20; 575; 719.00 
13; 4.000; 22; 555; 719.00 
13; 4.500; 25; 535; 719.00 
13; 5.000; 29; 509; 719.00 
13; 5.500; 31; 494; 719.00 
13; 6.000; 34; 473; 719.00 
13; 6.500; 36; 460; 719.00 
13; 7.000; 38; 441; 719.00 
13; 7.500; 40; 431; 719.00 
13; 8.000; 42; 416; 719.00 
13; 8.500; 45; 393; 719.00 
13; 9.000; 47; 378; 719.00 
13; 9.500; 49; 366; 719.00 
13; 10.000; 51; 352; 719.00 
13; 10.500; 52; 338; 719.00 
13; 11.000; 55; 322; 719.00 
13; 11.500; 56; 315; 719.00 
13; 12.000; 56; 311; 719.00 
13; 12.500; 58; 297; 719.00 
13; 13.000; 61; 278; 719.00 
13; 13.500; 62; 267; 719.00 
13; 14.000; 65; 250; 719.00 
13; 14.500; 66; 239; 719.00 
13; 15.000; 68; 229; 719.00 
13; 15.500; 69; 219; 719.00 
13; 16.000; 71; 205; 719.00 
13; 16.500; 72; 195; 719.00 
13; 17.000; 74; 183; 719.00 
13; 17.500; 75; 177; 719.00 
13; 18.000; 75; 173; 719.00 
13; 18.500; 76; 169; 719.00 
13; 19.000; 78; 157; 719.00 
13; 19.500; 79; 150; 719.00 
13; 20.000; 79; 147; 719.00 
13; 20.500; 80; 140; 719.00 
13; 21.000; 81; 136; 719.00 
13; 21.500; 81; 132; 719.00 
13; 22.000; 82; 125; 719.00 
13; 22.500; 83; 116; 719.00 
13; 23.000; 84; 109; 719.00 
13; 23.500; 85; 105; 719.00 
13; 24.000; 86; 99; 719.00 
13; 24.500; 87; 92; 719.00 
13; 25.000; 87; 88; 719.00 
13; 25.500; 88; 84; 719.00 
13; 26.000; 88; 81; 719.00 
13; 26.500; 89; 78; 719.00 
13; 27.000; 89; 72; 719.00 
13; 27.500; 90; 66; 719.00 
13; 28.000; 91; 64; 719.00 
13; 28.500; 91; 60; 719.00 
13; 29.000; 92; 57; 719.00 
13; 29.500; 92; 56; 719.00 
13; 30.000; 92; 55; 719.00 
13; 30.500; 92; 52; 719.00 
13; 31.000; 93; 47; 719.00 
13; 31.500; 93; 47; 719.00 
13; 32.000; 93; 45; 719.00 
13; 32.500; 93; 44; 719.00 
13; 33.000; 93; 44; 719.00 
13; 33.500; 94; 43; 719.00 
13; 34.000; 94; 42; 719.00 
13; 34.500; 94; 36; 719.00 
13; 35.000; 95; 35; 719.00 
13; 35.500; 95; 31; 719.00 
13; 36.000; 95; 29; 719.00 
13; 36.500; 95; 29; 719.00 
13; 37.000; 95; 29; 719.00 
13; 37.500; 96; 27; 719.00 
13; 38.000; 96; 26; 719.00 
13; 38.500; 96; 26; 719.00 
13; 39.000; 96; 25; 719.00 
13; 39.500; 96; 25; 719.00 
13; 40.000; 96; 23; 719.00 
13; 40.500; 96; 23; 719.00 
13; 41.000; 96; 23; 719.00 
13; 41.500; 96; 22; 719.00 
13; 42.000; 97; 19; 719.00 
13; 42.500; 97; 19; 719.00 
13; 43.000; 97; 18; 719.00 
13; 43.500; 97; 18; 719.00 
13; 44.000; 97; 18; 719.00 
13; 44.500; 97; 17; 719.00 
13; 45.000; 97; 17; 719.00 
13; 45.500; 97; 16; 719.00 
13; 46.000; 97; 16; 719.00 
13; 46.500; 97; 16; 719.00 
13; 47.000; 97; 16; 719.00 
13; 47.500; 97; 16; 719.00 
13; 48.000; 98; 14; 719.00 
13; 48.500; 98; 14; 719.00 
13; 49.000; 98; 13; 719.00 
13; 49.500; 98; 13; 719.00 
13; 50.000; 98; 12; 719.00 
13; 50.500; 98; 11; 719.00 
13; 51.000; 98; 11; 719.00 
13; 51.500; 98; 11; 719.00 
13; 52.000; 98; 11; 719.00 
13; 52.500; 98; 11; 719.00 
13; 53.000; 98; 11; 719.00 
13; 53.500; 98; 11; 719.00 
13; 54.000; 98; 10; 719.00 
13; 54.500; 98; 10; 719.00 
13; 55.000; 98; 9; 719.00 
13; 55.500; 98; 9; 719.00 
13; 56.000; 98; 9; 719.00 
13; 56.500; 98; 9; 719.00 
13; 57.000; 98; 9; 719.00 
13; 57.500; 98; 9; 719.00 
13; 58.000; 98; 9; 719.00 
13; 58.500; 98; 9; 719.00 
13; 59.000; 98; 9; 719.00 
13; 59.500; 98; 9; 719.00 
13; 60.000; 98; 9; 719.00 
13; 60.500; 98; 9; 719.00 
13; 61.000; 98; 9; 719.00 
13; 61.500; 98; 9; 719.00 
13; 62.000; 98; 9; 719.00 
13; 62.500; 98; 9; 719.00 
13; 63.000; 98; 9; 719.00 
13; 63.500; 98; 8; 719.00 
13; 64.000; 98; 8; 719.00 
13; 64.500; 98; 8; 719.00 
13; 65.000; 98; 8; 719.00 
13; 65.500; 98; 8; 719.00 
13; 66.000; 98; 8; 719.00 
13; 66.500; 98; 8; 719.00 
13; 67.000; 98; 8; 719.00 
13; 67.500; 98; 8; 719.00 
13; 68.000; 98; 8; 719.00 
13; 68.500; 99; 7; 719.00 
13; 69.000; 99; 7; 719.00 
13; 69.500; 99; 7; 719.00 
13; 70.000; 99; 6; 719.00 
13; 70.500; 99; 6; 719.00 
13; 71.000; 99; 6; 719.00 
13; 71.500; 99; 6; 719.00 
13; 72.000; 99; 6; 719.00 
13; 72.500; 99; 5; 719.00 
13; 73.000; 99; 5; 719.00 
13; 73.500; 99; 5; 719.00 
13; 74.000; 99; 4; 719.00 
13; 74.500; 99; 4; 719.00 
13; 75.000; 99; 4; 719.00 
13; 75.500; 99; 4; 719.00 
13; 76.000; 99; 4; 719.00 
13; 76.500; 99; 4; 719.00 
13; 77.000; 99; 4; 719.00 
13; 77.500; 99; 4; 719.00 
13; 78.000; 99; 3; 719.00 
13; 78.500; 99; 3; 719.00 
13; 79.000; 99; 3; 719.00 
13; 79.500; 99; 3; 719.00 
13; 80.000; 99; 3; 719.00 
13; 80.500; 99; 2; 719.00 
13; 81.000; 99; 2; 719.00 
13; 81.500; 99; 2; 719.00 
13; 82.000; 99; 2; 719.00 
13; 82.500; 99; 2; 719.00 
13; 83.000; 99; 2; 719.00 
13; 83.500; 99; 2; 719.00 
13; 84.000; 99; 2; 719.00 
13; 84.500; 99; 2; 719.00 
13; 85.000; 99; 2; 719.00 
13; 85.500; 99; 2; 719.00 
13; 86.000; 99; 2; 719.00 
13; 86.500; 99; 2; 719.00 
13; 87.000; 99; 2; 719.00 
13; 87.500; 99; 2; 719.00 
13; 88.000; 99; 2; 719.00 
13; 88.500; 99; 2; 719.00 
13; 89.000; 99; 2; 719.00 
13; 89.500; 99; 2; 719.00 
13; 90.000; 99; 2; 719.00 
13; 90.500; 99; 2; 719.00 
13; 91.000; 99; 2; 719.00 
13; 91.500; 99; 2; 719.00 
13; 92.000; 99; 2; 719.00 
13; 92.500; 99; 2; 719.00 
13; 93.000; 99; 2; 719.00 
13; 93.500; 99; 2; 719.00 
13; 94.000; 99; 2; 719.00 
13; 94.500; 99; 2; 719.00 
13; 95.000; 99; 2; 719.00 
13; 95.500; 99; 2; 719.00 
13; 96.000; 99; 2; 719.00 
13; 96.500; 99; 2; 719.00 
13; 97.000; 99; 2; 719.00 
13; 97.500; 99; 2; 719.00 
13; 98.000; 99; 2; 719.00 
13; 98.500; 99; 2; 719.00 
13; 99.000; 99; 2; 719.00 
13; 99.500; 99; 2; 719.00 
14; 0.500; 3; 696; 719.00 
14; 1.000; 6; 674; 719.00 
14; 1.500; 8; 656; 719.00 
14; 2.000; 12; 629; 719.00 
14; 2.500; 15; 611; 719.00 
14; 3.000; 17; 594; 719.00 
14; 3.500; 20; 575; 719.00 
14; 4.000; 23; 552; 719.00 
14; 4.500; 25; 533; 719.00 
14; 5.000; 28; 512; 719.00 
14; 5.500; 31; 490; 719.00 
14; 6.000; 33; 475; 719.00 
14; 6.500; 36; 459; 719.00 
14; 7.000; 38; 442; 719.00 
14; 7.500; 40; 427; 719.00 
14; 8.000; 43; 409; 719.00 
14; 8.500; 45; 394; 719.00 
14; 9.000; 47; 375; 719.00 
14; 9.500; 49; 362; 719.00 
14; 10.000; 51; 348; 719.00 
14; 10.500; 53; 332; 719.00 
14; 11.000; 55; 321; 719.00 
14; 11.500; 56; 315; 719.00 
14; 12.000; 57; 305; 719.00 
14; 12.500; 59; 294; 719.00 
14; 13.000; 61; 276; 719.00 
14; 13.500; 63; 263; 719.00 
14; 14.000; 65; 251; 719.00 
14; 14.500; 67; 236; 719.00 
14; 15.000; 68; 227; 719.00 
14; 15.500; 69; 218; 719.00 
14; 16.000; 71; 202; 719.00 
14; 16.500; 73; 192; 719.00 
14; 17.000; 74; 185; 719.00 
14; 17.500; 75; 175; 719.00 
14; 18.000; 76; 171; 719.00 
14; 18.500; 77; 162; 719.00 
14; 19.000; 78; 156; 719.00 
14; 19.500; 79; 147; 719.00 
14; 20.000; 79; 147; 719.00 
14; 20.500; 80; 142; 719.00 
14; 21.000; 81; 135; 719.00 
14; 21.500; 82; 129; 719.00 
14; 22.000; 83; 120; 719.00 
14; 22.500; 84; 112; 719.00 
14; 23.000; 84; 110; 719.00 
14; 23.500; 85; 104; 719.00 
14; 24.000; 86; 96; 719.00 
14; 24.500; 87; 90; 719.00 
14; 25.000; 87; 87; 719.00 
14; 25.500; 88; 83; 719.00 
14; 26.000; 88; 82; 719.00 
14; 26.500; 89; 76; 719.00 
14; 27.000; 89; 72; 719.00 
14; 27.500; 91; 63; 719.00 
14; 28.000; 91; 60; 719.00 
14; 28.500; 91; 59; 719.00 
14; 29.000; 92; 56; 719.00 
14; 29.500; 92; 55; 719.00 
14; 30.000; 92; 54; 719.00 
14; 30.500; 92; 51; 719.00 
14; 31.000; 93; 47; 719.00 
14; 31.500; 93; 45; 719.00 
14; 32.000; 93; 44; 719.00 
14; 32.500; 93; 44; 719.00 
14; 33.000; 94; 43; 719.00 
14; 33.500; 94; 42; 719.00 
14; 34.000; 94; 38; 719.00 
14; 34.500; 95; 34; 719.00 
14; 35.000; 95; 30; 719.00 
14; 35.500; 95; 29; 719.00 
14; 36.000; 95; 29; 719.00 
14; 36.500; 95; 29; 719.00 
14; 37.000; 96; 28; 719.00 
14; 37.500; 96; 26; 719.00 
14; 38.000; 96; 26; 719.00 
14; 38.500; 96; 26; 719.00 
14; 39.000; 96; 24; 719.00 
14; 39.500; 96; 23; 719.00 
14; 40.000; 96; 23; 719.00 
14; 40.500; 96; 23; 719.00 
14; 41.000; 96; 22; 719.00 
14; 41.500; 97; 21; 719.00 
14; 42.000; 97; 18; 719.00 
14; 42.500; 97; 18; 719.00 
14; 43.000; 97; 18; 719.00 
14; 43.500; 97; 18; 719.00 
14; 44.000; 97; 17; 719.00 
14; 44.500; 97; 17; 719.00 
14; 45.000; 97; 16; 719.00 
14; 45.500; 97; 16; 719.00 
14; 46.000; 97; 16; 719.00 
14; 46.500; 97; 16; 719.00 
14; 47.000; 97; 15; 719.00 
14; 47.500; 98; 14; 719.00 
14; 48.000; 98; 14; 719.00 
14; 48.500; 98; 14; 719.00 
14; 49.000; 98; 13; 719.00 
14; 49.500; 98; 12; 719.00 
14; 50.000; 98; 11; 719.00 
14; 50.500; 98; 11; 719.00 
14; 51.000; 98; 11; 719.00 
14; 51.500; 98; 11; 719.00 
14; 52.000; 98; 11; 719.00 
14; 52.500; 98; 11; 719.00 
14; 53.000; 98; 11; 719.00 
14; 53.500; 98; 10; 719.00 
14; 54.000; 98; 10; 719.00 
14; 54.500; 98; 9; 719.00 
14; 55.000; 98; 9; 719.00 
14; 55.500; 98; 9; 719.00 
14; 56.000; 98; 9; 719.00 
14; 56.500; 98; 9; 719.00 
14; 57.000; 98; 9; 719.00 
14; 57.500; 98; 9; 719.00 
14; 58.000; 98; 9; 719.00 
14; 58.500; 98; 9; 719.00 
14; 59.000; 98; 9; 719.00 
14; 59.500; 98; 9; 719.00 
14; 60.000; 98; 9; 719.00 
14; 60.500; 98; 9; 719.00 
14; 61.000; 98; 9; 719.00 
14; 61.500; 98; 9; 719.00 
14; 62.000; 98; 9; 719.00 
14; 62.500; 98; 8; 719.00 
14; 63.000; 98; 8; 719.00 
14; 63.500; 98; 8; 719.00 
14; 64.000; 98; 8; 719.00 
14; 64.500; 98; 8; 719.00 
14; 65.000; 98; 8; 719.00 
14; 65.500; 98; 8; 719.00 
14; 66.000; 98; 8; 719.00 
14; 66.500; 98; 8; 719.00 
14; 67.000; 99; 7; 719.00 
14; 67.500; 99; 7; 719.00 
14; 68.000; 99; 7; 719.00 
14; 68.500; 99; 7; 719.00 
14; 69.000; 99; 6; 719.00 
14; 69.500; 99; 6; 719.00 
14; 70.000; 99; 6; 719.00 
14; 70.500; 99; 6; 719.00 
14; 71.000; 99; 6; 719.00 
14; 71.500; 99; 5; 719.00 
14; 72.000; 99; 4; 719.00 
14; 72.500; 99; 4; 719.00 
14; 73.000; 99; 4; 719.00 
14; 73.500; 99; 4; 719.00 
14; 74.000; 99; 4; 719.00 
14; 74.500; 99; 4; 719.00 
14; 75.000; 99; 4; 719.00 
14; 75.500; 99; 4; 719.00 
14; 76.000; 99; 4; 719.00 
14; 76.500; 99; 3; 719.00 
14; 77.000; 99; 3; 719.00 
14; 77.500; 99; 3; 719.00 
14; 78.000; 99; 3; 719.00 
14; 78.500; 99; 3; 719.00 
14; 79.000; 99; 3; 719.00 
14; 79.500; 99; 3; 719.00 
14; 80.000; 99; 3; 719.00 
14; 80.500; 99; 2; 719.00 
14; 81.000; 99; 2; 719.00 
14; 81.500; 99; 2; 719.00 
14; 82.000; 99; 2; 719.00 
14; 82.500; 99; 2; 719.00 
14; 83.000; 99; 2; 719.00 
14; 83.500; 99; 2; 719.00 
14; 84.000; 99; 2; 719.00 
14; 84.500; 99; 2; 719.00 
14; 85.000; 99; 2; 719.00 
14; 85.500; 99; 2; 719.00 
14; 86.000; 99; 2; 719.00 
14; 86.500; 99; 2; 719.00 
14; 87.000; 99; 2; 719.00 
14; 87.500; 99; 2; 719.00 
14; 88.000; 99; 2; 719.00 
14; 88.500; 99; 2; 719.00 
14; 89.000; 99; 2; 719.00 
14; 89.500; 99; 2; 719.00 
14; 90.000; 99; 2; 719.00 
14; 90.500; 99; 2; 719.00 
14; 91.000; 99; 2; 719.00 
14; 91.500; 99; 2; 719.00 
14; 92.000; 99; 2; 719.00 
14; 92.500; 99; 2; 719.00 
14; 93.000; 99; 2; 719.00 
14; 93.500; 99; 2; 719.00 
14; 94.000; 99; 2; 719.00 
14; 94.500; 99; 2; 719.00 
14; 95.000; 99; 2; 719.00 
14; 95.500; 99; 2; 719.00 
14; 96.000; 99; 2; 719.00 
14; 96.500; 99; 2; 719.00 
14; 97.000; 99; 2; 719.00 
14; 97.500; 99; 2; 719.00 
14; 98.000; 99; 2; 719.00 
14; 98.500; 99; 2; 719.00 
14; 99.000; 99; 2; 719.00 
14; 99.500; 99; 2; 719.00 
